0.007,-0.5237837,0.03055799,0.23237991,0.005,-0.27886933,0.33412656,0.007613305
0.018,-0.90796614,0.22864981,0.5132561,0.017,-0.3406546,0.3064297,0.0044175144
0.028,-1.2099996,0.4777311,0.7131729,0.027,-0.39817885,0.27553707,0.012939623
0.036,-1.3543534,0.62775916,0.924592,0.037,-0.43013674,0.22973074,0.029983839
0.047,-1.3510556,0.68013823,1.1856432,0.046,-0.42374516,0.1722065,0.04915858
0.057,-1.2855525,0.6790381,1.2578053,0.056,-0.3790041,0.11255175,0.067268066
0.068,-1.1291552,0.56566185,1.2635202,0.067,-0.3225451,0.050766468,0.08324702
0.077,-0.8747802,0.32198903,1.0238938,0.078,-0.27780405,-0.009953555,0.086442806
0.086,-0.64226246,0.011154182,0.874074,0.085,-0.2501072,-0.065347254,0.07152912
0.096,-0.42245626,-0.33801767,0.78491306,0.096,-0.24051985,-0.10050095,0.044897527
0.108,-0.36755753,-0.50776476,0.91766405,0.107,-0.22560617,-0.1281978,0.023592258
0.117,-0.3009429,-0.50496227,1.1996708,0.118,-0.20217036,-0.15056834,0.0044175144
0.13,-0.20395565,-0.47258943,1.3148575,0.129,-0.1808651,-0.15269886,-0.008365647
0.138,-0.19066238,-0.39620417,1.4059153,0.139,-0.1691472,-0.14311148,-0.004104594
0.15,-0.13997555,-0.29250762,1.3289094,0.148,-0.17660405,-0.11328412,0.007613305
0.158,-0.044107437,-0.10784272,1.1596594,0.158,-0.18619142,-0.06854305,0.017200677
0.168,-0.038250923,0.14058349,1.0815868,0.169,-0.1893872,-0.025932508,0.018265942
0.177,-0.09333086,0.35472253,1.144762,0.178,-0.19684406,-0.012084082,0.0022869876
0.188,-0.31669807,0.58835536,1.3814335,0.189,-0.2043009,-0.033389352,-0.012626702
0.197,-0.48275518,0.6766151,1.5086975,0.196,-0.21388827,-0.07599989,-0.03073618
0.21,-0.47550392,0.54649824,1.415441,0.209,-0.23093247,-0.12713253,-0.048845664
0.218,-0.4444995,0.26988304,1.1962609,0.219,-0.24797669,-0.18465677,-0.052041452
0.229,-0.5688238,-0.0028662533,1.255394,0.23,-0.23199776,-0.2507031,-0.02647513
0.238,-0.7363372,-0.29966184,1.4642773,0.239,-0.19577879,-0.30929258,0.0033522511
0.248,-0.78019,-0.5660871,1.5483346,0.249,-0.15742931,-0.32527155,0.005482778
0.258,-0.76520586,-0.55612993,1.6520891,0.259,-0.11588402,-0.31887996,-0.009430911
0.27,-0.7459235,-0.3571257,1.7337236,0.271,-0.09138296,-0.33698943,-0.039258294
0.279,-0.6725197,-0.28474474,1.3596287,0.279,-0.1137535,-0.37107787,-0.076542504
0.29,-0.5604434,-0.3286698,0.8996544,0.291,-0.14997245,-0.4254063,-0.09465199
0.299,-0.62289095,-0.36225975,0.82823944,0.299,-0.15210298,-0.49677896,-0.07334671
0.31,-0.80594873,-0.3851797,1.1163168,0.31,-0.11907981,-0.5670864,-0.05097619
0.32,-0.9227457,-0.39693326,1.5384617,0.319,-0.07220822,-0.6310022,-0.07121619
0.33,-0.84242153,-0.12609094,2.0103288,0.33,-0.013618728,-0.6810696,-0.11595725
0.342,-0.5693722,0.25927553,2.0720186,0.342,0.027926547,-0.69811386,-0.17028569
0.351,-0.04146433,0.30531937,1.5943017,0.35,0.01301286,-0.68213487,-0.22994044
0.36,0.50564003,-0.023165017,0.54545975,0.36,-0.06475137,-0.63952434,-0.25124574
0.371,0.7635598,-0.58542264,-0.15457821,0.372,-0.13505878,-0.59265274,-0.19691728
0.378,0.572453,-0.910802,-0.20087337,0.379,-0.15849456,-0.54578114,-0.089325674
0.39,0.04304695,-0.85481614,0.36208725,0.39,-0.14038508,-0.5255412,0.001221724
0.4,-0.5060344,-0.23409262,1.3693585,0.399,-0.11481876,-0.5606949,0.027853312
0.412,-1.0530913,0.75650096,2.1389384,0.411,-0.10416613,-0.609697,0.010809096
0.42,-1.1092322,1.4006641,1.9359946,0.421,-0.12653665,-0.5479117,-0.06482461
0.432,-0.49884892,1.2326151,0.7363386,0.431,-0.20217036,-0.34125048,-0.21609204
0.442,-0.003051281,0.5809268,-0.0948019,0.441,-0.253303,-0.1665473,-0.33540156
0.45,-0.103943825,-0.12662852,0.0071907043,0.452,-0.22027984,-0.16761255,-0.33220577
0.462,-0.5460639,-0.7194202,0.42442894,0.46,-0.13825455,-0.31781468,-0.23100571
0.471,-1.1342933,-0.93819696,0.78770065,0.472,-0.061555587,-0.5148885,-0.09571725
0.48,-1.4652452,-0.806831,1.0321236,0.481,0.0012949608,-0.6650907,-0.006235121
0.49,-1.029722,-0.53017443,1.0218487,0.491,0.08012446,-0.7130275,-0.014757229
0.5,-0.084169865,-0.5055922,0.51658154,0.501,0.13977922,-0.6640254,-0.11489199
0.511,0.5303669,-0.77610934,-0.27871704,0.512,0.13019185,-0.60117483,-0.21502677
0.521,0.55782175,-1.0053599,-0.60902596,0.522,0.09397289,-0.63313276,-0.22780992
0.534,0.45203304,-1.0632292,-0.4670534,0.533,0.06840657,-0.75457275,-0.17241621
0.543,0.24507785,-1.0181694,-0.18259716,0.542,0.054558136,-0.84405494,-0.09571725
0.558,-0.027546883,-0.6846324,0.15651417,0.551,0.0673413,-0.83446753,-0.031801447
0.562,-0.20473933,0.04362163,0.8283844,0.561,0.15575817,-0.7748128,0.012939623
0.572,-0.0762701,0.6985817,1.3599529,0.571,0.30489507,-0.68000436,-0.00303933
0.579,0.4855435,0.5788623,0.6586733,0.58,0.35176668,-0.5084969,-0.1319362
0.59,0.72027326,0.07447457,-0.79994583,0.591,0.2164782,-0.32527155,-0.272551
0.603,0.49139166,-0.063637346,-1.5119324,0.604,0.030057078,-0.29224837,-0.2874647
0.613,0.21724677,8.277893E-4,-1.0699892,0.612,-0.04877243,-0.40623155,-0.18200359
0.623,-0.019895554,-0.08170408,-0.4105835,0.624,0.004490751,-0.5500422,-0.034997236
0.632,-0.45636654,-0.13247448,0.25216007,0.633,0.15362765,-0.6693517,0.097095445
0.643,-0.36739826,-0.057297528,0.48269272,0.643,0.32939613,-0.7162233,0.14290178
0.654,0.24874258,-0.14624287,-0.024045944,0.653,0.4210088,-0.67148226,0.067268066
0.664,0.5564616,-0.44143933,-0.9134636,0.663,0.37200668,-0.5681517,-0.060563564
0.674,0.50309896,-0.82095504,-1.6565094,0.673,0.21967399,-0.47547367,-0.14152358
0.682,0.004284382,-0.83387893,-1.4719,0.681,0.08225499,-0.48293054,-0.1031741
0.693,-0.48785043,-0.5835663,-0.5497875,0.692,0.046036027,-0.609697,-0.009430911
0.705,-0.6539955,-0.14319256,0.33051682,0.704,0.13125712,-0.7748128,0.060876478
0.714,-0.43544912,0.60412776,0.5167465,0.714,0.3016993,-0.82594544,0.076855436
0.724,0.42229104,1.0251713,-0.32720184,0.725,0.44018355,-0.72154963,0.024657523
0.735,0.98877835,0.9454396,-1.540411,0.734,0.47746778,-0.532998,-0.048845664
0.744,1.2068737,0.31310663,-2.4998598,0.743,0.39011616,-0.35083786,-0.13832779
0.755,0.71880054,-0.33303607,-2.641261,0.754,0.23458767,-0.26029047,-0.18200359
0.767,-0.31901836,-0.44385839,-1.884264,0.768,0.12166974,-0.2709431,-0.11808778
0.774,-0.9613948,-0.09502798,-0.85427,0.775,0.09290763,-0.3732084,1.5646049E-4
0.784,-1.0835131,0.5401117,-0.07277012,0.783,0.13232237,-0.5095622,0.097095445
0.792,-0.81478405,1.3950155,-0.116594315,0.793,0.21860872,-0.49997476,0.14929336
0.805,0.3387835,1.7685698,-1.1292143,0.804,0.2835898,-0.2997052,0.10242177
0.815,1.2674351,1.5859812,-2.163001,0.815,0.27613294,-0.077065155,1.5646049E-4
0.824,1.3959002,0.74109083,-2.7602224,0.825,0.18558554,0.03691804,-0.107435144
0.834,0.97526693,-0.23648253,-2.8093052,0.835,0.03751392,0.017743295,-0.16069832
0.845,0.09890556,-0.5780228,-2.238821,0.845,-0.070077695,-0.065347254,-0.11276146
0.856,-0.30609584,-0.332848,-1.2757683,0.855,-0.079665065,-0.23578942,-0.043519348
0.867,-0.28511214,0.27574587,-0.36824417,0.866,-0.014683992,-0.40942734,-0.020083545
0.875,0.08710694,1.0425657,-0.40025997,0.876,0.07799394,-0.39770946,-0.0360625
0.884,0.88263965,1.3620085,-1.1351624,0.885,0.10995184,-0.22939783,-0.08186882
0.895,1.1785588,1.1397929,-2.0709867,0.894,0.054558136,-0.016345136,-0.109565675
0.906,0.97644687,0.406021,-2.4716444,0.905,-0.053033482,0.108290695,-0.10210883
0.917,0.60989046,-0.48905423,-2.3652983,0.916,-0.14358087,0.14024861,-0.07121619
0.926,-9.0813637E-4,-0.8459595,-1.7249393,0.925,-0.16275561,0.09763806,-0.0051698573
0.937,-0.40220976,-0.6852497,-0.75525475,0.936,-0.11801455,-0.07599989,0.038505945
0.946,-0.41776764,-0.26389244,-0.33338928,0.946,-0.06475137,-0.242181,0.02678805
0.957,-0.04208684,0.2353406,-1.1224585,0.958,-0.05942506,-0.23791994,-0.02647513
0.967,0.48999453,0.6130854,-2.20123,0.967,-0.10736191,-0.097305164,-0.05523724
0.979,0.5507798,0.6619828,-2.7908459,0.978,-0.15636404,0.08592016,-0.031801447
0.988,0.22330093,0.37681645,-2.5255356,0.987,-0.17553878,0.19244651,0.014004885
0.995,-0.2953186,0.01272326,-1.8787689,0.996,-0.15103772,0.22333916,0.04915858
1.008,-0.52176046,-0.089174576,-1.490077,1.007,-0.11801455,0.22760022,0.053419635
1.018,-0.52345407,0.13268343,-1.3342733,1.016,-0.120145075,0.14344439,0.03424489
1.027,-0.42616105,0.43935117,-1.2867775,1.027,-0.1638209,-0.037650406,0.017200677
1.038,-0.19685817,0.7860056,-1.7320747,1.037,-0.21921457,-0.15376413,0.02678805
1.047,0.31314516,1.004751,-2.293026,1.048,-0.23093247,-0.15056834,0.04596279
1.059,0.8286855,0.8184562,-2.5301723,1.058,-0.20856194,-0.096239895,0.03957121
1.068,0.7737572,0.36221886,-2.5314941,1.067,-0.19364826,-0.02699777,0.029983839
1.078,0.3681693,-0.08928493,-2.3457193,1.077,-0.20217036,0.032656983,0.035310157
1.087,0.18477893,-0.40417144,-2.1881819,1.086,-0.21069247,0.0497012,0.03424489
1.097,0.48047113,-0.5375305,-2.3182487,1.096,-0.22347565,0.023069613,0.012939623
1.107,0.81642294,-0.38679492,-2.6217937,1.108,-0.2245409,-0.009953555,0.001221724
1.119,1.1092551,0.010493696,-2.986021,1.118,-0.18406089,0.024134878,0.014004885
1.129,1.4171093,0.49227065,-3.5555773,1.128,-0.103100866,0.18285914,0.040636472
1.138,1.4232812,0.86379004,-3.7500648,1.137,-0.018945046,0.368215,0.05874595
1.148,0.98217654,0.9998194,-3.529993,1.147,0.018339178,0.50137293,0.044897527
1.159,0.33569336,0.85447496,-3.0557928,1.158,-0.013618728,0.5088298,0.0086785685
1.169,-0.10177803,0.5549377,-2.7027788,1.168,-0.08179559,0.40336868,-0.014757229
1.179,-0.14315796,0.49979717,-2.6900826,1.18,-0.15529878,0.25636235,-0.009430911
1.19,-0.024365902,0.63371253,-2.72651,1.189,-0.20217036,0.14557491,0.016135415
1.196,-0.10546422,0.9593235,-2.4304132,1.196,-0.19684406,0.10296438,0.05555016
1.208,-0.30183148,1.1471171,-1.9212914,1.209,-0.15742931,0.11255175,0.086442806
1.219,-0.58719254,1.1001627,-1.5306654,1.218,-0.12760192,0.15835808,0.09389965
1.23,-0.66131735,0.81986797,-1.6296225,1.229,-0.15636404,0.2606234,0.059811216
1.24,-0.37229085,0.52224725,-2.2928019,1.239,-0.25756404,0.37460658,0.0086785685
1.251,-0.23344183,0.6179631,-2.5064135,1.248,-0.33958933,0.37460658,0.007613305
1.26,-0.33389807,0.78188276,-1.9650431,1.259,-0.35343775,0.25849286,0.011874359
1.27,-0.36065602,0.7984573,-1.484189,1.269,-0.35130724,0.13279176,-0.02647513
1.28,-0.41074562,0.9359925,-1.1875315,1.28,-0.3758083,0.05183173,-0.042454083
1.294,-0.3858223,1.1564057,-1.0066967,1.295,-0.43333253,0.042244356,-0.0136919655
1.3,-0.36020207,1.4240353,-0.70233154,1.3,-0.5196189,0.11042122,0.019331204
1.31,-0.31281734,1.8006513,-0.72168064,1.31,-0.62614524,0.3309308,0.03744068
1.321,-0.07452536,2.1161935,-1.1833715,1.32,-0.73586744,0.6441182,0.044897527
1.331,0.049257755,2.1508207,-1.1622677,1.33,-0.8178927,0.8603667,0.048093315
1.341,-0.29011583,2.0128841,-1.1351509,1.34,-0.89139587,0.9594362,0.06833333
1.351,-0.4683442,1.6327238,-0.9938154,1.35,-0.9563769,0.9274783,0.085377544
1.36,-0.6239822,1.2672024,-0.7109089,1.362,-1.0075096,0.83906144,0.09176913
1.371,-0.6319957,1.0297766,-0.45920086,1.371,-1.0746212,0.74957925,0.0693986
1.38,-0.7767277,0.8698803,-0.059511185,1.379,-1.1491896,0.7112298,0.03637542
1.39,-0.7184391,0.54020023,0.074941635,1.391,-1.219497,0.7154908,-0.006235121
1.4,-0.5092592,0.11533189,0.1511116,1.402,-1.2525201,0.6856635,-0.009430911
1.413,-0.54985976,-0.24067426,0.29968166,1.412,-1.1939306,0.6313351,0.05555016
1.424,-0.32650566,-0.85146904,0.4109459,1.423,-1.0692948,0.5770066,0.11200914
1.431,-0.092301846,-1.4680393,0.460104,1.432,-0.92441905,0.5375918,0.14396703
1.443,-0.02781558,-1.9071506,0.4433117,1.442,-0.80191374,0.5066992,0.17485967
1.452,-0.020617008,-2.0414672,0.5410328,1.451,-0.7049748,0.4736761,0.22279653
1.462,0.02453661,-1.987524,0.8250294,1.461,-0.6069705,0.44278345,0.2696681
1.473,0.1431241,-1.824667,1.1922226,1.472,-0.4802041,0.4353266,0.29203865
1.48,0.3740139,-1.685266,1.2934713,1.481,-0.33745882,0.48432872,0.28884286
1.491,0.61195755,-1.6716645,1.0010176,1.491,-0.19364826,0.58339816,0.2845818
1.507,0.5919113,-1.6163106,0.9016218,1.508,-0.04877243,0.65050983,0.32080075
1.512,0.42679405,-1.677701,0.87901783,1.513,0.098233946,0.6792719,0.38791236
1.524,0.3634653,-1.7848136,0.76000786,1.523,0.22606558,0.6973814,0.4454366
1.532,0.34569788,-1.7843826,0.676178,1.533,0.31128666,0.71975195,0.4710029
1.544,0.28033447,-1.555063,0.7025919,1.543,0.37094143,0.73679614,0.4859166
1.554,0.31412983,-1.1480241,1.0249586,1.555,0.46042353,0.72720873,0.49230817
1.563,0.6095009,-0.82665956,1.3048601,1.562,0.59358144,0.71975195,0.45821974
1.574,1.0159025,-0.74888206,0.85004044,1.572,0.7043688,0.7932551,0.3751292
1.581,1.290163,-0.70812,-0.04813385,1.58,0.74804467,0.91043407,0.30269128
1.592,1.3207355,-0.61855066,-0.62346363,1.59,0.7448489,0.98074144,0.28351653
1.602,1.0737238,-0.49741936,-0.58965683,1.601,0.7352615,0.9775457,0.30801758
1.612,0.502831,-0.39773083,0.12594032,1.613,0.7746762,0.93706566,0.33571443
1.627,-0.038922787,-0.38446712,0.94161606,1.628,0.8556363,0.9008467,0.32612705
1.633,-0.25047588,-0.5341614,1.4264216,1.634,0.94085735,0.88060665,0.2845818
1.643,-0.27697754,-0.7045856,1.3084254,1.644,0.9909248,0.8997814,0.23771024
1.653,-0.40426683,-0.87999874,1.0906973,1.652,0.99838156,0.9210867,0.21640496
1.664,-0.58718586,-0.9457532,0.97827816,1.663,0.98133737,0.901912,0.22492705
1.674,-0.60739994,-0.7736286,0.6765089,1.673,0.9270089,0.8518446,0.24516706
1.682,-0.6539087,-0.3190081,0.29967785,1.683,0.8598974,0.7719498,0.2952344
1.692,-0.8917823,0.24376976,0.14840889,1.691,0.81196046,0.7048382,0.35275865
1.704,-0.93689823,0.53418255,0.31031132,1.703,0.7927857,0.6707498,0.35595444
1.715,-1.1048374,0.74664,0.62220955,1.714,0.7768068,0.63879186,0.29736495
1.724,-1.5440059,0.7237,1.3076658,1.724,0.753371,0.5514403,0.19083863
1.734,-2.0431998,0.36050558,1.8496485,1.735,0.7022384,0.4438487,0.053419635
1.744,-2.7338943,-0.011188626,2.2678256,1.743,0.63299626,0.3309308,-0.057367772
1.754,-3.3515513,-0.21556014,2.6058254,1.754,0.5744067,0.2041644,-0.10850041
1.765,-3.6249099,-0.26008156,2.780192,1.764,0.5477751,0.059288576,-0.1031741
1.776,-3.6133046,-0.060365662,2.8786044,1.775,0.5307309,-0.11328412,-0.077607766
1.784,-3.4729555,0.15806979,3.0462642,1.783,0.49983832,-0.34018523,-0.053106714
1.793,-3.1351616,0.29603457,3.1020532,1.794,0.43805304,-0.59691375,-0.042454083
1.805,-2.5621395,0.31524503,3.0554953,1.806,0.3475056,-0.8610991,-0.0360625
1.816,-1.9946449,0.2527359,3.0443034,1.816,0.2718719,-1.0784129,-0.029670918
1.826,-1.3097396,0.12490819,3.0634813,1.825,0.23458767,-1.2690951,-0.042454083
1.835,-0.28163958,-0.06980999,3.3655639,1.836,0.24310978,-1.4746909,-0.098913044
1.847,0.7086334,-0.36501983,3.3022137,1.846,0.27719823,-1.5769562,-0.1851994
1.856,1.813745,-0.70378613,2.922226,1.857,0.2697414,-1.4938656,-0.2640289
1.867,2.661677,-0.9479383,2.147478,1.866,0.16534553,-1.1678951,-0.30237842
1.876,3.1790075,-0.8961225,1.9039268,1.877,-0.006161884,-0.68000436,-0.29492155
1.885,3.2134566,-0.45965123,2.6852007,1.884,-0.14145035,-0.19104834,-0.2491152
1.896,2.5927458,0.25435838,3.8700547,1.895,-0.18832195,0.20522967,-0.16602464
1.907,1.4310846,0.45146152,4.423755,1.906,-0.19364826,0.4704803,-0.08293408
1.916,0.44291973,0.22636181,4.0549126,1.915,-0.20536616,0.5929856,-0.012626702
1.932,-0.23824549,0.02960512,3.526063,1.931,-0.2277367,0.5993771,0.047028054
1.936,-0.5185962,-0.27202478,2.8561096,1.937,-0.25117248,0.590855,0.06300701
1.947,-0.5511999,-0.6982416,2.4244528,1.946,-0.24371564,0.53226554,0.04915858
1.957,-0.712307,-1.1759107,2.6202288,1.956,-0.17127772,0.41082555,0.03424489
1.969,-0.6546507,-1.5513375,2.2720537,1.968,-0.08499138,0.29684237,0.028918574
1.977,-0.47507906,-1.7347562,1.9808445,1.977,-0.0029660931,0.14450966,0.048093315
1.988,-0.13492489,-1.8619794,1.6338415,1.989,0.039644446,-0.014214609,0.06300701
1.996,0.103078365,-1.8005195,1.5875444,1.995,0.049231816,-0.15163359,0.0662028
2.008,0.062960625,-1.4228294,2.1243796,2.009,0.074798144,-0.25283363,0.067268066
2.018,0.07691145,-1.0725485,2.698573,2.018,0.13338764,-0.27626944,0.05555016
2.029,0.078505516,-0.88129306,2.9045506,2.028,0.19517292,-0.18678729,0.02146173
2.039,0.043907166,-0.78501487,2.4124393,2.037,0.19943398,0.009221189,-0.023279333
2.047,-0.18874693,-0.6526944,1.6008186,2.048,0.12593079,0.17753282,-0.042454083
2.058,-0.8006201,-0.2841813,1.3751006,2.057,0.04284024,0.22120863,0.0044175144
2.068,-1.3835855,0.14570057,1.5681691,2.067,-0.006161884,0.1519665,0.08111649
2.078,-1.5817373,0.31627643,1.7188754,2.079,-0.0232061,0.03159172,0.12159651
2.087,-1.5828826,0.50142336,1.7248831,2.087,-0.031728208,-0.10156621,0.1130744
2.098,-1.5369792,0.82831246,1.7831497,2.097,-0.04131558,-0.25176838,0.04915858
2.109,-1.3242846,0.83251363,1.7073374,2.11,-0.04770716,-0.3987747,-0.076542504
2.118,-1.170255,0.52381474,1.3697972,2.119,-0.08073033,-0.51275796,-0.20650466
2.13,-1.3724053,0.16590759,0.9956765,2.129,-0.1371893,-0.6160885,-0.23952782
2.14,-1.6770883,-0.15327615,1.1593904,2.141,-0.1691472,-0.71835387,-0.17135096
2.149,-1.5112712,-0.47923923,1.1536798,2.149,-0.17340825,-0.78972644,-0.1116962
2.16,-1.0862825,-0.56043524,1.1318226,2.159,-0.17127772,-0.8451202,-0.10850041
2.169,-0.74565554,-0.33284065,0.99740887,2.171,-0.19897458,-0.89731807,-0.12554464
2.18,-0.5515919,-0.09463901,0.9271612,2.179,-0.25117248,-0.9367329,-0.14471938
2.192,-0.35894585,-0.034465313,0.7505102,2.191,-0.31082723,-0.8962528,-0.1585678
2.2,-0.16026068,-0.030437484,0.6575079,2.2,-0.34171987,-0.787596,-0.16922043
2.212,-0.11215782,0.044498056,1.0631523,2.21,-0.31295773,-0.70663595,-0.17135096
2.22,-0.22627878,0.054777443,1.6739054,2.219,-0.24584617,-0.70663595,-0.17241621
2.229,-0.38754797,-0.010384291,2.0104542,2.23,-0.1776693,-0.7588338,-0.17241621
2.24,-0.25456452,-0.22936854,1.7936974,2.241,-0.14997245,-0.8131623,-0.17135096
2.25,0.07668877,-0.5288725,1.070343,2.251,-0.15636404,-0.82594544,-0.13832779
2.261,0.4106493,-0.72395945,0.5541048,2.26,-0.1371893,-0.7950528,-0.08293408
2.27,0.7483916,-0.797493,0.4292965,2.271,-0.08605664,-0.7524423,-0.053106714
2.281,0.7016742,-0.5687619,0.5416994,2.28,-0.017879782,-0.7343328,-0.04564987
2.29,0.47682738,-0.17647916,0.82973003,2.291,0.060949717,-0.7471159,-0.049910925
2.302,0.39248633,0.0043283403,0.66337967,2.301,0.09503815,-0.7492465,-0.066955134
2.31,0.21563578,0.19193718,0.34662724,2.311,0.075863406,-0.78226966,-0.059498303
2.322,0.37455225,0.29645085,0.03847313,2.32,0.025796022,-0.79931384,-0.05630251
2.332,0.405787,0.5182036,-0.20215893,2.331,-0.046641897,-0.79079175,-0.066955134
2.342,0.43884254,0.8376076,-0.457716,2.34,-0.110557705,-0.71941906,-0.088260405
2.352,0.3222537,1.3288665,-0.48898125,2.351,-0.09244822,-0.59691375,-0.10530462
2.362,0.1352582,1.6694555,0.17054749,2.361,0.010882333,-0.5255412,-0.13726252
2.372,-0.21525216,1.6090206,0.31001186,2.371,0.09503815,-0.44777685,-0.18732992
2.38,-0.7796695,1.1127911,0.15272045,2.379,0.096103415,-0.3987747,-0.22994044
2.391,-1.0051527,0.33222684,-0.45041084,2.392,-0.024271363,-0.3646863,-0.27361628
2.402,-0.80283237,-0.1696955,-1.7253294,2.403,-0.24584617,-0.302901,-0.28213838
2.413,-0.5435686,0.05852741,-2.728344,2.412,-0.4546378,-0.24963784,-0.21502677
2.422,-0.35787153,0.7047131,-2.6466007,2.423,-0.49937886,-0.3348589,-0.09678251
2.432,-0.33016872,1.2366189,-1.4756842,2.433,-0.33000195,-0.56176007,-0.01582249
2.442,-0.5012975,0.9450494,-0.6311283,2.442,-0.07327348,-0.7226149,-0.06269408
2.453,-0.82190394,0.009206474,-0.40695572,2.452,0.06414551,-0.78866124,-0.21928781
2.463,-0.9933561,-0.76563984,-0.8189745,2.464,-0.035989266,-0.888796,-0.3428584
2.473,-1.0989721,-0.6075072,-1.075408,2.472,-0.23945458,-1.0698907,-0.28320366
2.482,-0.48970723,-0.07498062,-1.5625153,2.481,-0.350242,-1.1380676,-0.12874041
2.492,1.055691,0.08702028,-1.9529924,2.491,-0.2980441,-1.0986528,-0.043519348
2.504,1.567173,0.40798402,-1.3781424,2.505,-0.08073033,-1.0006486,0.009743832
2.513,1.2518013,0.20601153,-0.61637306,2.512,0.22180451,-0.81103176,0.03957121
2.523,0.75195694,-0.6374482,0.09014511,2.524,0.4593583,-0.6001096,0.001221724
2.534,0.34451127,-1.5644976,-0.17576885,2.533,0.4849246,-0.4286021,-0.097847775
2.543,-0.18350434,-1.8750288,-0.97207165,2.544,0.3400488,-0.31035784,-0.14258884
2.557,-0.8980129,-1.1983569,-1.6198454,2.556,0.21967399,-0.1718736,-0.037127763
2.564,-0.49678195,-0.57543105,-1.9140196,2.565,0.23139188,-0.13032833,0.086442806
2.574,0.13053274,0.07615566,-1.5680218,2.574,0.3453751,-0.28479153,0.15461968
2.582,0.18292952,1.0133628,-1.3359852,2.581,0.51049095,-0.43818948,0.18977338
2.593,0.44595075,1.2212367,-1.0151758,2.592,0.6649541,-0.4818653,0.1333144
2.604,0.7462194,0.69956696,-1.1521082,2.605,0.7310004,-0.4019705,0.018265942
2.615,0.83315897,0.054137915,-1.3385715,2.614,0.6660194,-0.3465768,-0.05097619
2.624,0.9118705,-0.46484601,-1.5786428,2.625,0.52007824,-0.28692204,-0.053106714
2.636,1.1596541,-0.7084681,-1.6104517,2.635,0.42207405,-0.20170099,-0.019018283
2.645,1.4630313,-0.7260258,-0.67429733,2.644,0.42740038,-0.23472416,1.5646049E-4
2.655,1.3697659,-0.15002212,-0.19641972,2.654,0.46574986,-0.26029047,0.02146173
2.665,1.4870872,0.79908687,-0.54856586,2.664,0.49238145,-0.12713253,0.04383226
2.676,1.8469026,1.196898,-1.2013893,2.675,0.48705512,0.1370528,0.023592258
2.683,1.6426169,1.1364282,-1.8198175,2.682,0.4210088,0.39378133,0.007613305
2.694,1.1869831,0.7515858,-2.196,2.693,0.3016993,0.49604663,0.027853312
2.705,0.8301399,0.22513658,-2.4899988,2.704,0.19623818,0.5248087,0.05874595
2.716,0.536293,-0.17920955,-2.3534184,2.715,0.16214976,0.5162866,0.05768069
2.725,0.7861316,-0.3673224,-2.475935,2.726,0.12486553,0.42573923,-0.0051698573
2.735,0.93415236,-0.11788713,-2.8257675,2.736,0.028991813,0.3309308,-0.0797383
2.745,0.98881435,0.22277309,-3.5792847,2.746,-0.02001031,0.40230346,-0.109565675
2.756,1.2770815,0.41131806,-3.9642477,2.755,-0.0019008297,0.52587396,-0.10210883
2.769,1.1703806,0.52958024,-4.3202925,2.768,0.010882333,0.6313351,-0.05417198
2.78,0.8745744,0.6737688,-4.5755653,2.779,-0.0019008297,0.67501086,0.028918574
2.785,0.85977817,0.64394504,-4.814947,2.784,-0.055164006,0.6441182,0.09283439
2.795,0.68799496,0.6345863,-4.6327972,2.794,-0.12121034,0.50776446,0.13118388
2.806,0.34607697,0.54868114,-4.0146885,2.805,-0.16808194,0.32134342,0.1450323
2.817,0.11836338,0.3485229,-3.5470295,2.816,-0.15742931,0.22227389,0.15355441
2.826,0.38821912,0.16688041,-3.4698982,2.826,-0.09777454,0.23505704,0.16420704
2.837,0.65490484,0.029722907,-3.572956,2.836,-0.021075573,0.32880026,0.1684681
2.846,0.6526592,-0.11836076,-3.6708946,2.847,0.03857918,0.4555666,0.16953337
2.857,0.36579275,-0.41553408,-3.5882463,2.856,0.07160235,0.56102765,0.15888074
2.868,0.067126274,-0.84041727,-3.5615778,2.867,0.06947183,0.62813926,0.1333144
2.881,-0.3686564,-1.0428622,-3.6877708,2.88,0.035383392,0.66329294,0.11733545
2.885,-0.739769,-0.8374822,-3.8891144,2.884,0.0012949608,0.63879186,0.12053124
2.895,-1.0658764,-0.2607898,-3.5747871,2.896,0.027926547,0.49604663,0.15355441
2.907,-1.4906825,0.22271237,-3.3491325,2.908,0.074798144,0.33519185,0.16953337
2.917,-1.4831393,0.4758856,-3.274662,2.918,0.0673413,0.12640017,0.13970599
2.928,-1.241167,0.87794966,-2.9433193,2.927,0.003425488,-0.119675696,0.12372703
2.938,-0.9802704,1.2239883,-2.3157864,2.937,-0.061555587,-0.31887996,0.1333144
2.947,-0.61001134,1.3242165,-1.349144,2.948,-0.09138296,-0.41475368,0.13224915
2.958,-0.028277874,1.3208649,-0.7142458,2.957,-0.09777454,-0.35509893,0.099225976
2.967,0.67527103,1.2967404,-0.49625683,2.968,-0.10736191,-0.1665473,0.052354373
2.979,1.1700301,1.2225385,-0.20801544,2.978,-0.11694928,0.066745415,-9.0880255E-4
2.988,1.2729616,0.90468824,0.18968105,2.987,-0.14038508,0.28512445,-0.04564987
2.997,0.8168535,0.57447153,0.5918102,2.996,-0.1691472,0.4704803,-0.05417198
3.009,0.43961,0.103457145,0.8032274,3.008,-0.21921457,0.6409224,-0.052041452
3.02,-0.029627085,-0.20631656,0.6788044,3.018,-0.28739142,0.8007119,-0.02114881
3.028,-0.082616806,-0.19824164,0.2314167,3.027,-0.35343775,0.92534775,0.027853312
3.038,0.3068092,-0.09212112,-0.29372025,3.038,-0.41309255,1.0020467,0.042767
3.049,0.51385474,0.25481516,-0.8067541,3.048,-0.431202,1.0574404,0.051289104
3.059,0.5170121,0.6067683,-0.9010668,3.06,-0.40776622,1.0553099,0.03317963
3.069,0.518353,0.74218446,-0.94850636,3.068,-0.39817885,0.987133,-0.028605653
3.078,-0.054101467,1.0027237,-0.5262327,3.079,-0.3939178,0.84971404,-0.06588987
3.092,-0.53763604,0.80059147,-0.13197708,3.091,-0.41309255,0.72827405,-0.10530462
3.098,-0.52071834,0.2325443,0.016534805,3.098,-0.46422517,0.6398572,-0.1468499
3.109,-0.5158379,-0.077273935,0.10180092,3.108,-0.5004442,0.59831184,-0.12234883
3.119,-0.18762279,-0.21456918,0.038188934,3.12,-0.4802041,0.63026977,-0.07547724
3.13,0.3757751,-0.5149852,0.018366814,3.13,-0.4429199,0.651575,-0.06269408
3.14,0.45946932,-0.80346596,0.2490015,3.141,-0.4258757,0.63240033,-0.05417198
3.149,0.30931473,-1.043763,0.21567154,3.15,-0.40989673,0.6728803,-0.008365647
3.161,0.22506523,-1.0434339,0.14683151,3.162,-0.35876408,0.76342773,0.06407227
3.17,0.36194658,-0.9324688,0.23894405,3.169,-0.26715145,0.8422572,0.11094387
3.179,0.48406744,-0.8446803,0.37748814,3.178,-0.1691472,0.8869983,0.10348703
3.19,0.54004955,-0.81522334,0.4156294,3.189,-0.10629665,0.89019406,0.05874595
3.2,0.4672017,-0.83215845,0.16881084,3.199,-0.1020356,0.87741095,0.017200677
3.211,0.45843697,-0.90541416,-0.21850014,3.21,-0.13931982,0.8529098,0.009743832
3.221,0.3758297,-0.95105845,-0.30357742,3.22,-0.15955983,0.81456035,0.050223842
3.23,0.2730155,-0.9032491,-0.15567207,3.231,-0.12440613,0.7868635,0.1130744
3.241,0.33056974,-0.7418046,0.031042099,3.24,-0.051968217,0.7964509,0.1450323
3.25,0.4660864,-0.46514085,-0.022231102,3.251,0.01620865,0.8443877,0.1333144
3.262,0.5257287,-0.061732948,-0.13525677,3.26,0.065210775,0.8891288,0.1013565
3.272,0.56277514,0.16425848,-0.16934013,3.271,0.097168684,0.8933899,0.061941743
3.28,0.48530865,0.2758361,0.0038003922,3.281,0.117408685,0.83906144,0.03957121
3.29,0.36790514,0.2109251,0.0998745,3.29,0.14190975,0.768754,0.038505945
3.302,0.37431383,-0.16957891,0.01252079,3.3,0.1493666,0.73253506,0.03424489
3.313,0.2909665,-0.53679657,-0.17115784,3.312,0.12806131,0.72827405,0.041701734
3.324,-0.056824684,-0.62498116,0.15418053,3.323,0.116343416,0.71016455,0.086442806
3.331,-0.34477806,-0.65898144,0.49589348,3.331,0.11953921,0.72827405,0.11946598
3.342,-0.51394796,-0.57850516,0.63460064,3.341,0.13125712,0.7889941,0.12692282
3.351,-0.8070388,-0.2936864,1.041543,3.352,0.1781287,0.8166909,0.12905334
3.363,-1.0057216,-0.15365624,1.4097633,3.362,0.24737082,0.79751617,0.094964914
3.371,-1.1348147,-0.23235002,1.3931766,3.372,0.30489507,0.77940667,0.027853312
3.381,-1.540937,-0.31237403,1.4777098,3.382,0.35176668,0.72720873,-0.023279333
3.392,-2.041532,-0.33644745,1.7845211,3.391,0.39011616,0.62387824,-0.05097619
3.402,-2.6060472,-0.25873125,2.2563734,3.403,0.43485722,0.46834978,-0.05630251
3.414,-3.087441,-0.25126794,2.6679688,3.413,0.47640252,0.29471183,-0.059498303
3.424,-3.34014,-0.3873402,2.8078365,3.423,0.48066357,0.13172649,-0.066955134
3.432,-3.5334883,-0.4587437,2.7584844,3.433,0.45509726,-0.013149345,-0.05417198
3.444,-3.587917,-0.43174404,2.851492,3.443,0.4295309,-0.16548203,-0.020083545
3.453,-3.3575683,-0.2726828,2.995957,3.452,0.41674775,-0.34018523,0.0044175144
3.463,-2.9439592,0.06324187,3.0760183,3.463,0.42207405,-0.5084969,0.0065480415
3.473,-2.4148068,0.48262846,2.9312649,3.474,0.42526984,-0.63952434,-0.019018283
3.482,-1.8044538,0.9261105,2.6864667,3.482,0.4071604,-0.7364633,-0.07121619
3.492,-1.247158,1.2733698,2.5763159,3.492,0.36668035,-0.81955385,-0.135132
3.503,-0.8408451,1.4731487,2.6471395,3.503,0.3016993,-0.92075396,-0.18413413
3.514,-0.55443907,1.6514914,2.8782897,3.513,0.21221714,-1.0400634,-0.19159096
3.525,-0.21535683,1.6784394,3.1504393,3.524,0.10888658,-1.111436,-0.16602464
3.534,0.3521471,1.5501778,3.3636374,3.534,-8.355662E-4,-1.0496508,-0.135132
3.546,1.1783137,1.2571027,3.2125273,3.544,-0.1020356,-0.78866124,-0.13087094
3.554,2.0715113,0.8179109,2.9804163,3.554,-0.16488615,-0.39557895,-0.14152358
3.564,2.3486285,0.338093,2.893001,3.565,-0.17340825,-0.014214609,-0.109565675
3.574,1.9067855,-0.23514853,2.9699836,3.575,-0.1776693,0.23612231,-0.053106714
3.584,0.91664934,-0.641901,2.9596944,3.583,-0.19684406,0.36714974,-0.009430911
3.594,-0.23567438,-0.52747446,3.2183728,3.593,-0.1808651,0.39697713,0.03424489
3.604,-0.8756046,-0.2720198,3.2251248,3.605,-0.1425156,0.39271608,0.04915858
3.615,-0.93283844,-0.20189543,2.6919708,3.616,-0.14464614,0.36714974,0.007613305
3.628,-0.99410343,-0.17793575,2.3203692,3.627,-0.192583,0.2521013,-0.040323555
3.635,-1.1153936,-0.2220393,2.0021243,3.634,-0.25543353,0.06461489,-0.043519348
3.645,-1.1083617,-0.20213468,1.7996306,3.646,-0.2820651,-0.15269886,-0.004104594
3.655,-0.96617365,0.04458405,1.9794912,3.656,-0.23838933,-0.3582947,0.052354373
3.666,-0.6782551,0.24476679,2.2558327,3.665,-0.15316825,-0.5234106,0.09389965
3.676,-0.5206413,0.29600915,2.6477504,3.675,-0.07327348,-0.62354535,0.10561755
3.684,-0.428957,0.029393137,2.8933334,3.683,-0.04983769,-0.634198,0.07152912
3.694,-0.35073376,-0.3415553,3.0190763,3.693,-0.0903177,-0.5713475,0.005482778
3.706,-0.22273827,-0.62523234,3.198204,3.707,-0.13186297,-0.4893221,-0.049910925
3.717,-0.16357422,-0.7657108,3.5479512,3.716,-0.10842718,-0.4168842,-0.07547724
3.727,-0.1180377,-0.85802925,3.617087,3.725,-0.035989266,-0.35083786,-0.08186882
3.736,-0.16656923,-0.9418808,2.8966699,3.737,0.011947595,-0.29650941,-0.07121619
3.747,-0.28519964,-1.006691,2.0495024,3.746,0.009817069,-0.302901,-0.022214072
3.756,-0.60989714,-0.8562885,1.7845726,3.757,-0.014683992,-0.38812208,0.05555016
3.768,-0.9649346,-0.7355908,1.9185891,3.767,0.0140781235,-0.4776042,0.13011861
3.777,-0.94606733,-0.7095052,2.2667842,3.776,0.1493666,-0.52021486,0.15142389
3.787,-0.18033934,-0.9313704,2.13128,3.788,0.2718719,-0.5319327,0.048093315
3.795,0.45583725,-0.9655385,1.425601,3.794,0.25269717,-0.553238,-0.069085665
3.807,0.2059927,-0.47012413,1.0435123,3.808,0.17280239,-0.5894569,-0.066955134
3.817,0.21344948,-0.14654624,0.93743134,3.818,0.13338764,-0.59584856,-0.0051698573
3.827,0.33616543,0.025214002,0.6666422,3.828,0.13551816,-0.55110747,0.075790174
3.839,0.07494354,0.108102724,0.6727085,3.838,0.13977922,-0.5053011,0.16527231
3.848,-0.40960407,0.29475057,1.0740843,3.847,0.116343416,-0.47440845,0.21533969
3.857,-0.9075177,0.5838409,1.5970435,3.858,0.074798144,-0.4254063,0.18231653
3.868,-0.8968682,0.7260996,1.8486767,3.867,0.03857918,-0.39131787,0.0662028
3.878,-0.79832506,0.67801464,2.052516,3.877,0.0439055,-0.42327577,-0.05630251
3.887,-0.31711388,0.1568009,1.1674919,3.886,0.023665495,-0.44564632,-0.16495939
3.897,0.14128447,-0.3190984,0.12903976,3.896,-0.018945046,-0.5063663,-0.21289624
3.908,0.26937485,-0.5059302,-0.071787834,3.909,-0.028532417,-0.6693517,-0.16922043
3.918,-0.006538391,-0.53825986,0.26498795,3.917,0.017273914,-0.8653602,-0.07228145
3.929,-0.32211542,-0.38794982,0.5007906,3.928,0.07373288,-0.9431244,-0.022214072
3.939,-0.3425157,0.14674681,0.64091873,3.938,0.066276036,-0.9356676,-0.061628826
3.951,-0.29623103,0.89296895,0.8918848,3.95,-0.021075573,-0.9324718,-0.14258884
3.958,-0.35752344,1.2870978,0.79945755,3.959,-0.17340825,-0.8983834,-0.20117833
3.968,-0.4236126,1.1315302,0.57594585,3.968,-0.28952196,-0.81635803,-0.20437413
3.978,-0.011531115,0.56202334,-0.10506344,3.979,-0.33958933,-0.68639594,-0.17241621
3.99,0.33065724,0.024078578,-0.7923155,3.989,-0.32467568,-0.5553685,-0.11063094
3.998,0.45702624,-0.39181072,-0.7280035,3.999,-0.24478091,-0.49890947,-0.049910925
4.009,0.27444816,-0.57739186,-0.50112915,4.01,-0.20749669,-0.51275796,-0.052041452
4.019,-0.25751925,-0.19052005,-0.14784622,4.019,-0.26395565,-0.5788043,-0.09571725
4.029,-0.80818486,0.43243304,0.2445755,4.03,-0.3225451,-0.6363286,-0.135132
4.039,-0.76888275,0.5692176,0.32910728,4.04,-0.31828406,-0.6480465,-0.18413413
4.051,-0.2623098,0.18831214,-0.34892845,4.05,-0.27993459,-0.60224015,-0.22141834
4.059,-0.07863498,-0.14869258,-0.93152905,4.06,-0.22986722,-0.60117483,-0.18413413
4.07,-0.15595078,-0.4479001,-0.78172207,4.069,-0.1425156,-0.7172886,-0.077607766
4.08,0.2504568,-0.99290156,-0.62620735,4.079,-0.07114296,-0.9164928,-0.020083545
4.091,0.645556,-1.3130556,-0.8784914,4.09,-0.079665065,-1.0943918,-0.022214072
4.1,0.6168711,-1.0597914,-0.8723974,4.099,-0.08073033,-1.1370023,-0.006235121
4.11,0.8139715,-0.9999451,-0.8057766,4.111,-0.04131558,-1.0283456,-0.011561438
4.12,1.0899856,-1.0470423,-0.9207945,4.12,0.007686542,-0.8334023,-0.046715137
4.132,0.8169825,-0.789297,-0.8646555,4.131,0.055623397,-0.6789391,-0.043519348
4.14,0.1919105,-0.5201803,-0.61145496,4.141,0.102495,-0.58839166,-0.01582249
4.15,-0.030103445,-0.38535738,-0.46751595,4.15,0.102495,-0.5724127,-0.034997236
4.16,-0.1358006,-0.13185647,-0.4274311,4.162,0.05029708,-0.60224015,-0.068020396
4.172,-0.032626867,0.2132515,-0.8221588,4.171,0.024730759,-0.5255412,-0.07441198
4.178,0.4979849,0.46654627,-1.5431919,4.179,0.07266762,-0.33698943,-0.059498303
4.191,0.8540313,0.27732152,-2.0924797,4.192,0.18771608,-0.118610434,-0.048845664
4.2,0.8586457,-0.23949409,-2.85538,4.2,0.27826348,0.09337701,-0.05417198
4.212,0.17878175,-0.44783264,-2.9782705,4.211,0.30915615,0.13492228,-0.01582249
4.222,-0.9575236,-0.5227507,-2.2200851,4.221,0.3219393,-0.018475663,0.077920705
4.232,-1.6752843,-0.5725294,-1.4649754,4.231,0.31661296,-0.23472416,0.15248916
4.241,-1.5297282,-0.35088086,-1.2444048,4.242,0.3155477,-0.40090522,0.17805548
4.252,-0.50126374,0.09530601,-1.5057716,4.251,0.3624193,-0.46908212,0.17059863
4.266,0.83479476,0.41087916,-2.1545658,4.267,0.3922467,-0.4168842,0.1365102
4.272,1.7134755,0.6727653,-3.1329317,4.271,0.36454982,-0.24111575,0.12159651
4.281,1.8157544,1.0457247,-3.1716127,4.282,0.30702558,-0.069608316,0.12372703
4.29,1.5429184,1.1948278,-2.607296,4.291,0.24737082,-0.019540926,0.0896386
4.303,1.0079668,1.1913527,-1.5128002,4.304,0.21967399,-0.042976722,0.05768069
4.312,0.8326998,1.131955,-1.3477268,4.313,0.20369503,-0.019540926,0.031049104
4.322,0.9710648,0.8412253,-1.1788616,4.323,0.16534553,-0.009953555,-0.01582249
4.332,0.6589742,0.78063697,-1.225749,4.334,0.107821316,0.034787513,-0.0360625
4.342,0.93834496,0.685536,-2.1457262,4.343,0.03112234,0.14770544,-0.039258294
4.354,1.5669303,0.71223676,-2.910658,4.353,-0.012553465,0.24357916,-0.019018283
4.365,2.0389252,0.5917331,-3.8909445,4.364,-0.029597681,0.32666972,0.001221724
4.372,2.0070755,0.4870668,-4.4812813,4.373,0.024730759,-0.024867244,-9.0880255E-4
4.382,0.9769769,0.48343527,-5.5208664,4.381,0.17706344,-0.8057055,-0.022214072
4.392,-0.40501928,0.34833205,-7.806531,4.391,0.088646576,-0.5947833,-0.02647513
4.402,-0.25060713,0.690025,-5.5063047,4.401,-0.10949244,0.013482243,0.056615427
4.413,1.5862551,1.2790383,-2.6493778,4.412,-0.15742931,0.29897287,0.11946598
4.423,2.87925,1.2941726,-3.435525,4.424,-0.1489072,0.6462487,0.07259439
4.435,2.6178856,1.0653862,-4.072338,4.434,-0.1425156,0.8955204,0.025722785
4.444,1.7722924,0.88874644,-4.0314665,4.445,-0.15529878,0.9328046,0.03424489
4.454,1.2781069,0.5210029,-3.8266735,4.453,-0.1808651,0.8465183,0.042767
4.464,0.5976963,0.1830256,-3.4658165,4.465,-0.17873457,0.75064456,0.05768069
4.477,0.0669539,-0.23230954,-3.0849676,4.476,-0.120145075,0.66542345,0.06300701
4.482,-0.23192596,-0.9441991,-2.9995537,4.482,-0.053033482,0.5812676,0.052354373
4.492,-0.7034397,-1.4736246,-3.0342274,4.493,-0.018945046,0.48219818,0.07365965
4.505,-1.1998036,-1.6704613,-2.9819202,4.504,-0.010422938,0.37034553,0.12798809
4.514,-1.2710266,-1.4128036,-2.7722044,4.515,-8.355662E-4,0.230796,0.17379442
4.524,-0.8077321,-0.6039498,-2.8172102,4.523,0.007686542,0.09018122,0.180186
4.535,-0.50456095,0.38584572,-2.4950657,4.534,0.023665495,-0.021671453,0.16207652
4.545,-0.42496204,1.1850977,-1.8788576,4.544,0.028991813,-0.084522,0.1333144
4.556,-0.1793387,1.6714067,-1.6518879,4.554,-0.029597681,-0.09197884,0.09389965
4.565,-0.03630328,1.9226983,-1.3034964,4.564,-0.13399349,-0.0728041,0.07259439
4.575,0.1595068,1.8878441,-0.9327831,4.577,-0.24371564,-0.016345136,0.0662028
4.586,0.4879434,1.5746317,-0.705781,4.585,-0.3257409,0.106160164,0.060876478
4.594,0.79228973,1.2127025,-0.4613371,4.593,-0.36835146,0.26701495,0.0544849
4.606,0.96742487,0.72153383,-0.37066078,4.605,-0.39817885,0.43426132,0.03957121
4.616,0.76278186,0.37648198,-0.26623535,4.615,-0.41415778,0.6025729,0.03424489
4.626,0.5775175,0.0022711456,-0.08247471,4.625,-0.43652833,0.73892665,0.011874359
4.637,0.2180705,-0.17087859,0.14488602,4.636,-0.471682,0.80603826,-0.020083545
4.647,-0.32105064,-0.053930074,0.51925755,4.646,-0.52174944,0.8102993,-0.034997236
4.656,-0.77289844,0.08386624,0.67642975,4.655,-0.58779573,0.809234,-0.031801447
4.665,-1.1491952,0.17223275,0.75315666,4.666,-0.64425474,0.8433225,0.0033522511
4.676,-0.93750787,-0.008898199,0.43539524,4.675,-0.6463853,0.90830356,0.03744068
4.691,-0.33339572,-0.26008606,-0.035416603,4.69,-0.5963178,0.922152,0.07046386
4.695,0.040982008,-0.41369623,-0.4967928,4.694,-0.5430547,0.8752804,0.10561755
4.707,0.18469739,-0.2903707,-0.58329296,4.706,-0.51748836,0.7517098,0.15248916
4.716,0.12190652,-0.03166443,-0.08045769,4.717,-0.5047052,0.6313351,0.16953337
4.726,0.108949184,-0.0032044053,0.24105263,4.727,-0.51535785,0.6089645,0.12692282
4.737,0.043627262,0.18530762,0.5069599,4.738,-0.512162,0.6398572,0.0896386
4.746,0.045519352,0.34628206,0.72035503,4.747,-0.47381255,0.71655613,0.060876478
4.757,0.2484622,0.23220706,0.46391964,4.756,-0.4429199,0.8273435,0.014004885
4.767,0.568017,-0.15755898,-0.071484566,4.768,-0.44718096,0.90723825,-0.024344599
4.777,0.5599079,-0.6150379,-0.69095993,4.778,-0.4695515,0.9679583,-0.009430911
4.788,0.34582424,-0.91729003,-0.73673725,4.789,-0.46742097,0.9647625,0.04596279
4.798,0.26141596,-1.2925094,-0.6303749,4.797,-0.4546378,0.92854357,0.086442806
4.807,0.16601753,-1.479976,-0.6572628,4.808,-0.40457043,0.9242825,0.13118388
4.817,-0.055470467,-1.2656362,-0.35936356,4.818,-0.28526092,0.9029772,0.19509968
4.828,-0.052654266,-0.9471703,0.16152859,4.827,-0.13505878,0.8284088,0.19829549
4.838,-0.07325411,-0.66122496,0.4205885,4.837,2.2969735E-4,0.7517098,0.14077125
4.848,-0.2204256,-0.50009286,0.34161282,4.848,0.08971184,0.7154908,0.07898597
4.857,-0.16945982,-0.63772297,-0.098095894,4.858,0.10036447,0.6995119,0.035310157
4.868,-0.049503326,-0.82392836,-0.35943413,4.869,0.0790592,0.6526403,0.035310157
4.88,-0.05936575,-1.00915,-0.061811447,4.879,0.106756054,0.5684845,0.08005123
4.888,0.06687927,-1.1510651,0.16745186,4.887,0.18771608,0.52374345,0.12692282
4.9,0.3446555,-1.1864836,0.07528114,4.899,0.27719823,0.5450487,0.14929336
4.909,0.5861845,-0.9774922,0.0031757355,4.908,0.36135405,0.56102765,0.16953337
4.919,0.70144415,-0.72006214,0.038477898,4.918,0.45083618,0.57061505,0.20042601
4.929,0.8413539,-0.6448026,-0.21683979,4.93,0.50303406,0.6292045,0.20255654
4.94,0.892889,-0.53197116,-0.5903597,4.939,0.49238145,0.71229506,0.17485967
4.95,0.5768752,-0.27365285,-0.53315735,4.949,0.45829302,0.7623625,0.13864073
4.959,0.22686481,-0.018426657,-0.07118893,4.959,0.44870564,0.7623625,0.09070386
4.969,-0.13103008,0.28761274,0.44142818,4.97,0.48918566,0.7304045,0.038505945
4.979,-0.32926893,0.2923118,0.74384403,4.978,0.54138356,0.68140244,-0.02114881
4.989,-0.37876844,0.066203535,0.5365658,4.988,0.53605723,0.6228129,-0.07121619
5.005,-0.6329336,-0.2678762,0.28699684,5.004,0.4710762,0.5620929,-0.07334671
5.01,-1.0173879,-0.46352136,0.4658394,5.009,0.3911814,0.48326346,-0.024344599
5.019,-1.5807643,-0.38563916,0.86048603,5.02,0.3507014,0.4385224,0.056615427
5.03,-1.9315193,-0.26619405,1.4400978,5.029,0.3805288,0.44065294,0.11413966
5.041,-2.2554595,-0.2632389,2.077765,5.04,0.45083618,0.42786977,0.118400715
5.05,-2.8664963,-0.35466987,2.7528543,5.049,0.5168825,0.3628887,0.086442806
5.061,-3.470337,-0.60481495,3.193386,5.06,0.5488404,0.2574276,0.025722785
5.07,-3.872454,-0.731055,3.3495698,5.069,0.5509709,0.11468227,-0.0360625
5.08,-4.053673,-0.6454225,3.4631476,5.081,0.55842775,-0.077065155,-0.06588987
5.09,-3.7932835,-0.5348493,3.3793783,5.089,0.5839941,-0.30929258,-0.08293408
5.1,-3.3471837,-0.39949423,3.32087,5.1,0.6138215,-0.5681517,-0.0914562
5.111,-2.9428015,-0.061395764,3.2346888,5.11,0.62021303,-0.81742334,-0.07228145
5.121,-2.3253515,0.44472566,2.862607,5.122,0.56801516,-1.005975,-0.048845664
5.131,-1.5429323,1.1284816,2.4435344,5.132,0.4646846,-1.0901308,-0.025409864
5.142,-0.7148061,1.6786311,2.358993,5.143,0.3389835,-1.1007835,-0.008365647
5.152,0.020045757,2.044215,2.560296,5.151,0.2015645,-1.0890656,1.5646049E-4
5.162,0.7024579,2.2449505,2.7115512,5.161,0.057753924,-1.0134318,0.009743832
5.171,1.5349817,2.0320926,2.8407912,5.172,-0.07433875,-0.8302065,-0.01582249
5.18,2.2617202,1.4726464,3.0192895,5.179,-0.17340825,-0.52767164,-0.078673035
5.191,2.7649837,0.8622955,3.4778929,5.192,-0.2011051,-0.19104834,-0.13726252
5.202,2.855835,0.30791005,4.028195,5.201,-0.1691472,0.09763806,-0.16176358
5.212,2.5202832,-0.15277696,3.9007492,5.211,-0.14997245,0.3394529,-0.17028569
5.223,1.7204728,-0.3936602,3.2811074,5.222,-0.17340825,0.49711183,-0.16495939
5.234,0.75402355,-0.5186056,2.5831199,5.232,-0.21175773,0.59831184,-0.13300146
5.243,-0.17306519,-0.58036685,2.2851577,5.242,-0.20643142,0.63026977,-0.06375934
5.252,-0.82323503,-0.6642069,2.5116248,5.251,-0.15316825,0.55250555,0.0044175144
5.263,-1.2740011,-0.8233805,2.5310645,5.262,-0.10416613,0.39697713,0.035310157
5.271,-1.6029041,-0.8043108,2.6875944,5.271,-0.060490325,0.17753282,0.047028054
5.281,-1.7524529,-0.62805444,2.7382631,5.28,-0.025336625,-0.077065155,0.056615427
5.29,-1.5028014,-0.50852334,2.415245,5.291,-0.014683992,-0.2943789,0.047028054
5.303,-0.85802555,-0.43192753,1.975461,5.302,-0.018945046,-0.43073264,0.018265942
5.313,-0.29652166,-0.3526249,1.8424969,5.312,-0.014683992,-0.49997476,-9.0880255E-4
5.329,-0.1630125,-0.26461107,2.2987003,5.328,0.028991813,-0.5180843,0.011874359
5.333,-0.025808811,-0.3373594,2.7713184,5.332,0.08012446,-0.49464843,0.014004885
5.343,0.19519138,-0.52019536,2.9331927,5.344,0.10142973,-0.43818948,-0.0136919655
5.354,0.20790577,-0.556407,3.0820885,5.353,0.10356026,-0.3753389,-0.03286671
5.364,0.11976671,-0.49532855,2.9668303,5.363,0.06201498,-0.31994522,-0.037127763
5.374,-0.31928158,-0.19917145,2.7461476,5.373,-0.009357674,-0.29544416,-0.0019740665
5.382,-0.72592974,0.14690939,2.452877,5.383,-0.051968217,-0.2975747,0.05768069
5.392,-0.9211514,0.28357005,2.3419108,5.393,-0.05942506,-0.32527155,0.10561755
5.404,-0.91764975,0.31645566,2.1392937,5.403,-0.07327348,-0.35509893,0.10561755
5.414,-0.88930297,0.6013855,1.8611274,5.414,-0.09351349,-0.3764042,0.07259439
5.424,-0.44888783,0.748359,1.6380296,5.424,-0.112688236,-0.3987747,-0.02647513
5.436,0.006917,0.66389835,1.3064756,5.437,-0.15955983,-0.45097265,-0.15324147
5.446,-0.07150507,0.5206252,1.0651555,5.445,-0.23838933,-0.5606949,-0.19798255
5.455,-0.056162834,0.04980412,0.6082096,5.454,-0.32893673,-0.6523075,-0.15111095
5.466,0.1702218,-0.4827503,0.21103096,5.465,-0.38859147,-0.6736128,-0.053106714
5.475,0.32648182,-0.7495815,0.11640549,5.474,-0.4280062,-0.6363286,0.02678805
5.484,0.25410366,-0.35588092,0.3611822,5.483,-0.44185466,-0.5479117,0.050223842
5.493,-0.074230194,0.5049137,1.0404844,5.492,-0.40457043,-0.46588632,0.018265942
5.506,-0.3059225,1.150219,1.9101028,5.505,-0.34278515,-0.47440845,-0.066955134
5.515,-0.4332316,1.0877733,1.928422,5.514,-0.34278515,-0.46801683,-0.19798255
5.526,-0.59575534,0.47769278,1.2304163,5.525,-0.390722,-0.44458103,-0.26935524
5.536,-0.8239033,-0.43921015,1.2756586,5.535,-0.37793884,-0.48612633,-0.22674467
5.545,-0.6369443,-1.4176137,1.0652056,5.546,-0.28313038,-0.5116927,-0.12234883
5.555,-0.41996932,-2.09172,0.9416046,5.556,-0.1371893,-0.5553685,0.0033522511
5.565,-0.20036364,-2.2776494,0.7395325,5.566,0.011947595,-0.613958,0.11520492
5.576,0.094946384,-2.1084108,0.43589592,5.577,0.12486553,-0.65337276,0.15568493
5.584,0.4813819,-1.7655039,0.3070402,5.583,0.1546929,-0.7226149,0.098160714
5.594,0.47451591,-1.1483912,0.3961153,5.595,0.11953921,-0.84192437,0.024657523
5.606,0.16659355,-0.32209274,0.58269787,5.605,0.106756054,-0.925015,0.0033522511
5.615,0.42099,0.23559165,0.23078251,5.615,0.13019185,-0.9005139,-0.004104594
5.626,0.606014,0.44965255,0.21748257,5.627,0.20476028,-0.8227497,-0.006235121
5.636,0.3873787,0.5080131,0.46253204,5.635,0.30382982,-0.7023749,-0.00303933
5.647,0.13695765,0.63926494,0.48151875,5.645,0.36135405,-0.57028216,-0.02647513
5.656,0.14786005,0.7268468,0.20873642,5.655,0.30809087,-0.45736423,-0.098913044
5.665,0.0581913,0.8212589,-0.33797073,5.664,0.18452029,-0.36575153,-0.1468499
5.678,-0.23535156,0.7567674,-0.37599468,5.679,0.10142973,-0.34444627,-0.135132
5.684,-0.23381495,0.36036846,-0.48445988,5.683,0.07692867,-0.3614905,-0.11063094
5.693,-0.22497082,-0.03889203,-0.5736885,5.694,0.0790592,-0.43605894,-0.089325674
5.706,-0.20323205,-0.05134076,-0.7338295,5.705,0.085450776,-0.5479117,-0.059498303
5.715,-0.016020298,0.1457752,-0.8541336,5.716,0.08012446,-0.6725475,-0.042454083
5.726,0.16307306,0.29496366,-0.87869835,5.727,0.03751392,-0.78866124,-0.06375934
5.736,0.14246535,0.50828063,-0.67393017,5.737,-0.0082924105,-0.86642545,-0.08506462
5.747,0.30146194,0.57045364,-0.66872597,5.748,-0.054098744,-0.8738823,-0.117022514
5.758,0.7574308,0.4934919,-1.1827269,5.756,-0.12760192,-0.8035749,-0.16815516
5.766,0.74504614,0.7859571,-1.5814753,5.766,-0.19577879,-0.7034401,-0.17348148
5.776,0.34129834,1.1763908,-1.3928719,5.777,-0.2245409,-0.62887174,-0.13406673
5.788,0.03201437,1.1318316,-0.92793274,5.787,-0.2011051,-0.5990443,-0.10104357
5.796,-0.25547457,0.73215085,-0.63497543,5.795,-0.16488615,-0.5713475,-0.097847775
5.807,-0.50889564,0.1888352,-0.8598337,5.806,-0.16488615,-0.49145266,-0.090390936
5.818,-0.5755696,-0.3552904,-1.1200733,5.817,-0.18299562,-0.4168842,-0.05523724
5.827,-0.24062943,-0.9035832,-1.2481976,5.828,-0.19897458,-0.39664418,-0.04458461
5.838,0.12023854,-1.1291531,-1.5321398,5.837,-0.16488615,-0.39451367,-0.037127763
5.848,0.07614064,-1.1189505,-1.4665489,5.849,-0.04983769,-0.39984,-0.0019740665
5.857,0.15680265,-1.2069404,-1.3645868,5.858,0.10995184,-0.4083621,0.02146173
5.868,0.14718318,-1.1810179,-1.252285,5.867,0.26228455,-0.42753682,0.032114364
5.877,0.041448355,-1.2885764,-0.9981003,5.878,0.35709298,-0.44458103,0.03317963
5.888,0.10253453,-1.3915861,-1.1357594,5.887,0.3688109,-0.4254063,0.031049104
5.897,0.33616853,-1.0917982,-1.3837128,5.898,0.36668035,-0.37853473,0.047028054
5.908,0.8310578,-0.7030648,-1.5731077,5.907,0.39970353,-0.2975747,0.03317963
5.919,0.96955585,-0.22509234,-1.6967268,5.918,0.4646846,-0.2070273,0.0033522511
5.928,0.64521384,0.23813725,-1.4588966,5.929,0.53179616,-0.1665473,-0.027540391
5.938,0.37587762,0.21081492,-1.5187006,5.939,0.5477751,-0.1399157,-0.059498303
5.949,0.058764935,0.086982906,-1.5268507,5.948,0.5040993,-0.12287149,-0.069085665
5.959,-0.12298131,0.088141486,-1.5763798,5.959,0.42207405,-0.087717794,-0.04458461
5.969,0.0029273033,0.33535066,-1.7488327,5.968,0.36135405,-0.061086204,0.012939623
5.979,0.45321178,0.6108392,-1.4342575,5.978,0.30382982,-0.118610434,0.050223842
5.99,1.0106032,0.9215855,-2.0369434,5.989,0.22180451,-0.09410937,0.051289104
6.0,1.874887,1.1233231,-2.6340647,5.999,0.10142973,-0.057890415,0.017200677
6.01,2.437286,1.3672189,-3.381178,6.009,-0.009357674,0.011351716,0.0033522511
6.02,2.6762128,1.2888995,-3.5498085,6.019,-0.070077695,0.08272437,-0.00303933
6.03,2.6711106,0.95866424,-3.7101164,6.028,-0.070077695,0.12107386,-0.008365647
6.04,2.2417681,0.8178954,-3.228136,6.041,0.18878135,-0.7204843,-0.05417198
6.05,0.8841033,0.68951756,-3.762951,6.05,0.47533724,-1.418232,-0.2022436
6.059,-1.9361998,-0.07804546,-9.672848,6.06,-0.011488201,-0.22726731,-0.13087094
6.073,-1.2233694,-0.072071664,-3.9928942,6.072,-0.33426306,0.058223307,0.07472491
6.08,1.1538827,0.3414731,-2.6796875,6.081,-0.41202727,0.31814763,0.12905334
6.091,3.026644,0.58265704,-3.102911,6.09,-0.36195987,0.8337351,0.056615427
6.1,3.5733204,0.68091094,-3.244748,6.099,-0.26608616,1.233209,0.012939623
6.11,3.0978525,0.6368613,-3.3004074,6.11,-0.19577879,1.354649,0.047028054
6.12,2.0168893,0.540889,-3.3388987,6.12,-0.16808194,1.2864722,0.12692282
6.13,1.0482295,0.2779233,-3.6019764,6.131,-0.18193035,1.2023163,0.19403443
6.14,0.13803959,0.0018958449,-3.5962305,6.14,-0.17873457,1.1298784,0.24303654
6.151,-0.38515162,-0.17594555,-3.4393492,6.15,-0.14145035,1.0297437,0.25795022
6.162,-0.47195005,-0.337101,-3.422121,6.163,-0.103100866,0.84545296,0.2121439
6.17,-0.66001034,-0.32560325,-3.218772,6.171,-0.09777454,0.55250555,0.12905334
6.179,-1.1131574,-0.091352224,-3.0292282,6.18,-0.10416613,0.2808634,0.060876478
6.191,-1.2401973,-0.1327095,-2.8584166,6.19,-0.05942506,0.03372225,0.018265942
6.2,-1.4506541,-0.09450482,-1.9874678,6.202,0.048166554,-0.25709468,0.044897527
6.212,-1.652553,-0.06455466,-1.2197065,6.214,0.14510554,-0.44245052,0.09070386
6.222,-0.9418831,-0.026232779,-1.8099527,6.221,0.105690785,-0.3817305,0.087508075
6.232,0.11013079,0.44536883,-2.8070364,6.233,-0.04983769,-0.19211361,0.07898597
6.242,0.30308914,1.2373953,-1.8983192,6.242,-0.14997245,-0.11434938,0.10348703
6.252,0.22229886,1.6099408,-0.30639648,6.251,-0.14784193,-0.1079578,0.08218176
6.263,0.46849895,1.5629678,0.26101875,6.262,-0.10736191,-0.018475663,-0.00303933
6.271,0.6435571,1.3454803,0.57600594,6.272,-0.08179559,0.106160164,-0.08293408
6.286,0.46469045,1.0904787,0.9559479,6.285,-0.11481876,0.22653493,-0.09571725
6.291,-0.06458306,0.87317145,1.1473007,6.291,-0.17873457,0.39378133,-0.024344599
6.303,-0.37079978,0.4451574,1.09447,6.302,-0.23838933,0.6771413,0.0693986
6.313,-0.26315022,0.04806879,0.5066662,6.312,-0.2980441,1.0766152,0.11627019
6.324,0.41767216,-0.22075075,-0.5874624,6.323,-0.410962,1.395129,0.08005123
6.333,0.71080136,-0.10765213,-1.279273,6.332,-0.5196189,1.4462615,0.03957121
6.342,0.055410147,0.1504628,-0.72229767,6.343,-0.5292063,1.2470573,0.044897527
6.353,-0.34233212,0.21157545,-0.446311,6.355,-0.48233467,1.0318742,0.010809096
6.363,-0.32637715,0.04893768,-0.63302326,6.364,-0.4439852,0.9114993,-0.046715137
6.374,-0.54448104,-0.078130126,-0.7751112,6.373,-0.40989673,0.87208456,-0.042454083
6.382,-0.5740688,-0.49532884,-0.64846134,6.383,-0.35982937,0.804973,0.0086785685
6.392,-0.9648156,-0.7123029,0.17901325,6.391,-0.25436828,0.667554,0.0896386
6.404,-0.90544033,-0.8429099,0.8222084,6.403,-0.16595142,0.51735187,0.099225976
6.414,-0.2396338,-0.8044282,0.42337036,6.413,-0.18299562,0.42360872,0.047028054
6.425,-0.029069662,-0.30903333,0.10227013,6.424,-0.24691144,0.4118908,0.028918574
6.434,0.23635006,0.19587284,0.030989647,6.434,-0.2714125,0.4875245,0.01507015
6.445,0.6974511,0.45303518,0.094968796,6.444,-0.24051985,0.6334655,-0.02114881
6.454,0.9700155,0.4576773,-0.13167763,6.455,-0.18193035,0.81242985,-0.048845664
6.464,1.1805925,-0.08781272,-0.40592098,6.465,-0.1254714,0.91256464,-0.046715137
6.475,0.7796836,-0.7987307,-0.20610142,6.474,-0.067947164,0.89445513,0.024657523
6.484,0.29042292,-1.4493504,-0.11619282,6.483,0.004490751,0.8369309,0.14183651
6.494,0.22984743,-1.9623022,0.12167549,6.493,0.07053709,0.7176214,0.2270576
6.504,0.22037935,-1.9360118,0.35232544,6.505,0.09503815,0.60150766,0.2526239
6.516,0.11617136,-1.3543042,0.4177599,6.515,0.11208237,0.58552873,0.23877549
6.524,0.21478319,-0.52219594,0.53854084,6.525,0.12380026,0.59831184,0.18657757
6.534,0.40341806,0.3877629,0.6820526,6.535,0.13125712,0.55889714,0.11627019
6.544,0.6340847,1.0156282,0.50901794,6.546,0.14723606,0.5109602,0.052354373
6.555,1.0147152,1.1002893,0.08521271,6.555,0.15788871,0.48006767,0.0086785685
6.565,1.2135549,0.81556964,-0.30037594,6.566,0.12166974,0.4555666,0.0033522511
6.576,1.0532756,0.42298067,-0.4477768,6.575,0.049231816,0.47793713,0.032114364
6.584,0.85321,-0.021396935,-0.36716938,6.585,0.0023602245,0.6089645,0.06300701
6.595,0.7950363,-0.42659533,-0.36554527,6.594,-0.0072271475,0.82414776,0.07365965
6.606,0.5325861,-0.4870791,-0.31859684,6.605,0.010882333,1.0052426,0.09070386
6.615,0.12340355,-0.25326276,0.029724121,6.616,0.055623397,1.0297437,0.1130744
6.626,-0.18611288,-0.1391893,0.45174694,6.626,0.09397289,0.87634563,0.11627019
6.636,-0.5749564,-0.112130165,0.787632,6.637,0.09503815,0.6132256,0.11733545
6.646,-0.64557266,-0.13329786,0.84412,6.647,0.046036027,0.38099816,0.11627019
6.657,-0.39503574,-0.06541473,0.54209614,6.656,-0.02001031,0.29684237,0.11520492
6.666,-0.2788825,0.13048416,0.8159895,6.667,-0.028532417,0.32986552,0.11627019
6.676,-0.21116161,0.09348589,1.0275183,6.677,0.020469705,0.4736761,0.098160714
6.685,-0.1937542,-0.10989982,0.7433281,6.686,0.096103415,0.7037729,0.07365965
6.695,-0.51802015,-0.5304524,1.0198765,6.695,0.18238977,0.8486488,0.05768069
6.711,-1.3118563,-1.1343342,1.6564946,6.712,0.25269717,0.8273435,0.050223842
6.717,-2.2711084,-1.6166599,2.1754155,6.716,0.29424244,0.6909898,0.056615427
6.728,-3.1970127,-1.7226636,2.8687196,6.727,0.3421793,0.45343608,0.07898597
6.737,-3.8359094,-1.5925374,3.6350617,6.736,0.4007688,0.14131387,0.085377544
6.747,-4.0222425,-1.3071113,3.9708061,6.748,0.44018355,-0.16761255,0.0544849
6.758,-3.7454257,-0.85612947,3.50639,6.756,0.4423141,-0.3582947,0.02039647
6.766,-3.2002642,-0.34352815,2.767147,6.767,0.42633513,-0.42966735,-0.004104594
6.777,-2.6385207,0.062403947,2.3225994,6.776,0.40183407,-0.46908212,-0.011561438
6.787,-2.3950207,0.59640115,2.2418098,6.786,0.37626773,-0.5596296,0.01507015
6.796,-2.168519,0.9875756,2.4430742,6.795,0.3507014,-0.70876646,0.042767
6.807,-1.7079127,1.2339344,2.5608382,6.807,0.30809087,-0.8792086,0.04596279
6.818,-1.1359639,1.4692807,2.6177511,6.817,0.260154,-1.0187582,0.029983839
6.829,-0.35509348,1.5654309,2.5090904,6.828,0.20476028,-1.0709561,-0.019018283
6.838,0.7513952,1.3937297,2.1539302,6.839,0.13232237,-1.0283456,-0.09465199
6.85,1.8850021,1.0310215,2.0865707,6.849,0.084385514,-0.93353707,-0.15111095
6.859,2.7293396,0.5117085,2.3398628,6.86,0.08225499,-0.7854654,-0.18306886
6.87,3.0097475,-0.11072613,2.8519835,6.869,0.098233946,-0.5447159,-0.18626465
6.88,2.7624931,-0.72789234,3.0564423,6.879,0.08758131,-0.18891782,-0.16602464
6.889,2.2176995,-1.0231656,2.738212,6.888,0.01940444,0.22866547,-0.13726252
6.9,1.2011261,-0.68651736,2.471417,6.899,-0.04770716,0.55889714,-0.09252146
6.909,0.10645962,0.011820972,2.5149083,6.91,-0.070077695,0.7250782,-0.03286671
6.924,-0.58389235,0.6421463,2.4881978,6.923,-0.07327348,0.71975195,0.02146173
6.93,-0.7796078,1.0846734,2.5187278,6.929,-0.07646927,0.5450487,0.041701734
6.94,-0.90969753,1.2949182,2.5779176,6.941,-0.09138296,0.27127603,0.035310157
6.95,-1.135767,1.0349686,2.377829,6.951,-0.13186297,0.019873824,0.016135415
6.961,-1.1824155,0.30772126,2.2845445,6.96,-0.1691472,-0.1548294,-0.008365647
6.97,-1.0254793,-0.48903248,2.0046444,6.971,-0.17873457,-0.22939783,-0.0136919655
6.981,-0.879395,-1.024422,1.9945011,6.98,-0.12760192,-0.24005046,0.023592258
6.99,-0.74480295,-1.332415,2.1020794,6.991,-0.04983769,-0.22939783,0.05555016
7.001,-0.6473465,-1.2945428,2.158794,7.0,-0.010422938,-0.22939783,0.03957121
7.011,-0.72929096,-0.8480797,2.3301091,7.011,-0.027467154,-0.26455152,0.0044175144
7.02,-0.8700986,-0.24828023,2.5791779,7.021,-0.07114296,-0.3295326,-0.022214072
7.031,-0.9667573,0.2732881,2.821216,7.03,-0.110557705,-0.38279578,-0.029670918
7.041,-0.89614534,0.5747957,2.873981,7.042,-0.13505878,-0.39557895,-0.022214072
7.051,-0.7481351,0.5727782,2.8696961,7.05,-0.15423352,-0.41901472,-0.012626702
7.062,-0.74904346,0.33784282,2.775567,7.061,-0.19790931,-0.44777685,-0.008365647
7.071,-0.8239064,0.19795051,2.381722,7.072,-0.2596946,-0.44884208,1.5646049E-4
7.084,-0.9199524,0.1180726,2.4186025,7.082,-0.27247775,-0.45736423,0.0022869876
7.09,-0.80947447,-0.010417432,2.5056992,7.091,-0.22241038,-0.47653896,-0.014757229
7.103,-0.5923681,-0.29050705,2.648397,7.102,-0.13186297,-0.53725904,-0.05097619
7.111,-0.22463942,-0.735982,2.3588629,7.112,-0.061555587,-0.6182191,-0.1031741
7.122,0.22356081,-1.0215075,1.3236256,7.121,-0.08605664,-0.67148226,-0.14898042
7.133,0.55125713,-1.030955,0.505661,7.132,-0.1808651,-0.7204843,-0.15111095
7.143,0.7368374,-0.98168236,0.047240257,7.142,-0.27673882,-0.71515805,-0.10423936
7.152,0.67060184,-0.87649286,0.14075947,7.153,-0.29271775,-0.6384591,-0.028605653
7.163,0.411438,-0.590368,0.8560915,7.164,-0.20962721,-0.5244759,0.016135415
7.172,-0.12946129,-0.19780824,1.7174888,7.173,-0.058359798,-0.39984,0.023592258
7.181,-0.44560575,0.14033723,2.1846533,7.18,0.06947183,-0.29863995,-0.02114881
7.192,-0.29168224,0.09016323,1.6550398,7.191,0.058819186,-0.23046309,-0.13619727
7.203,-0.28448725,7.084906E-4,0.7222061,7.204,-0.061555587,-0.2070273,-0.2107657
7.213,-0.29680777,-0.08946216,-0.12445164,7.214,-0.192583,-0.19424415,-0.20011307
7.224,-0.017572403,-0.30353725,-0.89091873,7.223,-0.28313038,-0.18465677,-0.14258884
7.233,0.30050373,-0.39108604,-1.0352001,7.232,-0.2969788,-0.2592252,-0.06482461
7.244,0.22622538,-0.25334078,-0.7096243,7.243,-0.2362588,-0.40090522,0.012939623
7.253,-0.24577141,0.11657524,-0.20710182,7.252,-0.13931982,-0.5255412,0.050223842
7.264,-0.6460316,0.31402713,0.3978014,7.265,-0.03811979,-0.613958,0.0022869876
7.273,-0.7599058,0.1881141,0.70892715,7.274,0.022600232,-0.65550333,-0.12980568
7.282,-0.6967716,-0.0952605,0.37346172,7.281,0.007686542,-0.66189486,-0.26509416
7.293,-0.74688077,-0.3870386,0.057709694,7.292,-0.027467154,-0.7098318,-0.30663946
7.303,-0.88660693,-0.61736435,-0.025800705,7.304,-0.021075573,-0.8089012,-0.24059308
7.314,-0.9825735,-0.70599127,0.16592216,7.314,0.048166554,-0.95164657,-0.11382673
7.325,-0.8008199,-0.7831341,0.26445675,7.324,0.15149713,-1.0858698,-0.0073003843
7.334,-0.34168458,-0.76226056,-0.060219765,7.335,0.22606558,-1.1327413,0.03317963
7.345,0.17010808,-0.5427469,-0.51449585,7.344,0.22286977,-1.1156971,0.005482778
7.355,0.59610677,-0.24135089,-0.8691101,7.355,0.13232237,-1.1039792,-0.06375934
7.365,0.6598785,0.08455801,-1.0218964,7.364,0.028991813,-1.0880003,-0.107435144
7.375,0.37880397,0.37733877,-0.80612373,7.375,0.0066212784,-1.0166277,-0.090390936
7.384,0.21880174,0.5461259,-0.38650417,7.383,0.088646576,-0.92927605,-0.058433034
7.394,0.23537254,0.6391902,0.1587286,7.393,0.20476028,-0.9005139,-0.059498303
7.404,0.10839033,0.9008855,0.2038145,7.404,0.27613294,-0.8781433,-0.07441198
7.416,0.14006591,0.8934393,-0.17281532,7.415,0.2835898,-0.82807595,-0.09358673
7.426,0.38896346,0.41684312,-0.82172394,7.425,0.19836871,-0.7439202,-0.14258884
7.436,0.5945623,-0.15268463,-1.6626587,7.435,0.033252865,-0.6650907,-0.17987306
7.446,0.3768444,-0.1565221,-1.9315443,7.445,-0.10736191,-0.6565686,-0.13406673
7.456,0.04651189,0.10733557,-1.6539383,7.457,-0.120145075,-0.66828644,-0.05417198
7.466,0.24589348,0.18511343,-1.1645603,7.466,-0.033858735,-0.71941906,-0.04564987
7.476,0.17491364,0.22568375,-0.48152542,7.475,0.05668866,-0.81955385,-0.077607766
7.485,-0.16330528,0.3336962,-0.23502827,7.484,0.105690785,-0.85257703,-0.07015093
7.494,0.28877616,0.08791977,-0.69364166,7.495,0.107821316,-0.77268225,-0.05630251
7.506,0.90427566,-0.1924823,-1.3232813,7.505,0.09503815,-0.60543585,-0.0477804
7.516,1.2339659,-0.43774915,-2.0448923,7.516,0.10356026,-0.38066524,-0.034997236
7.527,1.2674115,-0.5780809,-2.1789312,7.526,0.16534553,-0.23685469,-0.0073003843
7.537,0.92850494,-0.5442588,-1.9117775,7.536,0.260154,-0.20276625,0.03744068
7.547,0.6836581,-0.31261948,-1.7576475,7.547,0.3134172,-0.27839994,0.061941743
7.559,0.17549753,0.039726704,-1.1269684,7.558,0.3304614,-0.41475368,0.08431228
7.568,0.13087583,0.147201,-0.8367939,7.567,0.3656151,-0.43392843,0.10242177
7.576,1.0511351,0.14581835,-1.3260813,7.577,0.41355196,-0.31142312,0.09283439
7.589,1.8642936,0.09873277,-1.8358841,7.588,0.4433793,-0.14843781,0.06300701
7.595,2.1724267,-0.4047212,-2.5055704,7.596,0.44018355,0.076332785,0.0044175144
7.607,2.107459,-0.8079654,-3.0803576,7.606,0.40609512,0.2840592,-0.028605653
7.618,1.3938482,-0.72435266,-2.7239847,7.617,0.38585508,0.3415834,0.0065480415
7.629,0.72418785,-0.467739,-2.2433558,7.627,0.39544246,0.3383876,0.042767
7.638,0.5230048,0.06687138,-2.091855,7.637,0.41674775,0.327735,0.03424489
7.649,0.7122829,0.6380995,-2.2558117,7.65,0.3656151,0.29684237,-0.042454083
7.659,0.86350083,1.1439455,-3.229004,7.658,0.2281961,0.30962554,-0.12447935
7.668,1.0752094,1.643023,-4.076024,7.669,0.075863406,0.2840592,-0.15324147
7.679,1.4441934,1.8291582,-4.6122494,7.678,-0.054098744,0.20949073,-0.15324147
7.687,1.8529005,1.4311557,-5.0308475,7.686,-0.12866719,0.1636844,-0.15324147
7.697,2.1870167,0.6550062,-5.3540344,7.696,-0.16169035,0.18605493,-0.16282885
7.709,2.1469328,-0.17609659,-5.684392,7.71,-0.20217036,0.2638192,-0.14365411
7.719,1.2200894,-0.41366357,-4.9979515,7.718,-0.21814932,0.3011034,-0.05523724
7.73,0.31422114,-0.3335207,-3.9347277,7.729,-0.2213451,0.3128213,0.029983839
7.738,0.025022268,-0.26738286,-3.2636862,7.737,-0.23412828,0.34904027,0.02678805
7.749,0.043672323,-0.05935014,-2.6837873,7.75,-0.23412828,0.3660845,-0.028605653
7.758,0.15154886,0.36664826,-2.311428,7.759,-0.212823,0.3128213,-0.068020396
7.773,0.22615337,0.70661247,-2.3091707,7.774,-0.1808651,0.2574276,-0.060563564
7.778,0.35850668,0.5018032,-2.482397,7.779,-0.15210298,0.23186126,-0.02647513
7.789,0.19184303,-0.13374491,-2.4610176,7.788,-0.10842718,0.20203388,0.04596279
7.798,-0.22496605,-0.7090224,-1.949028,7.797,-0.034924,0.13811807,0.1450323
7.81,-0.3695655,-1.2229728,-1.6013727,7.809,0.017273914,0.08378964,0.19509968
7.819,-0.30077028,-1.2370253,-1.2148142,7.818,0.026861284,-0.019540926,0.18444705
7.829,-0.29856253,-0.6410656,-0.6783447,7.83,0.023665495,-0.16441678,0.16953337
7.84,-0.012260437,0.13429028,-0.4142313,7.839,0.015143387,-0.23472416,0.13544492
7.85,0.65776944,0.8438367,-0.5791149,7.851,-0.035989266,-0.18678729,0.056615427
7.859,0.836606,1.5613208,-0.25035477,7.86,-0.09457876,-0.06428199,1.5646049E-4
7.873,0.5994153,1.8851602,0.06711388,7.872,-0.13079771,0.2158823,-0.043519348
7.881,0.73478866,1.4890982,-0.19461346,7.882,-0.1893872,0.61002976,-0.10423936
7.89,0.37303305,0.98639315,-0.072013855,7.889,-0.23732406,0.94558775,-0.089325674
7.9,-0.35229683,0.50217974,0.34643364,7.899,-0.25756404,1.1458573,1.5646049E-4
7.912,-0.7662034,0.013964176,0.5392389,7.911,-0.2714125,1.2385353,0.067268066
7.921,-0.8787105,-0.48808125,0.38152313,7.922,-0.28632617,1.293929,0.06300701
7.931,-0.802191,-0.95440114,-0.11361408,7.931,-0.32787144,1.2715584,0.0065480415
7.941,-0.9998276,-1.1042631,-0.23585606,7.94,-0.35556832,1.1288131,-0.004104594
7.951,-1.1354148,-1.1042888,-0.32621288,7.952,-0.33958933,0.9498488,0.04383226
7.961,-0.601244,-0.94813967,-0.78182316,7.96,-0.3172188,0.82095194,0.077920705
7.972,-0.051356792,-0.69576406,-0.99127674,7.971,-0.27460825,0.7698193,0.07365965
7.984,0.12222791,-0.54039544,-0.41753578,7.983,-0.19045247,0.7176214,0.051289104
7.993,-0.23944688,-0.2205087,0.08958626,7.99,-0.09138296,0.7421224,0.050223842
8.001,-0.3203988,0.031407356,0.047348022,8.0,-0.050902955,0.8134951,0.044897527
8.013,-0.43855476,0.27199423,0.16473103,8.011,-0.09564402,0.78792876,0.0544849
8.022,-0.61358166,0.26213068,0.15052032,8.021,-0.21388827,0.71229506,0.067268066
8.032,-0.54680085,-0.018516004,-0.1797247,8.031,-0.33106723,0.68033713,0.099225976
8.042,-0.436666,0.1652109,-0.15783691,8.043,-0.3523725,0.67181504,0.17059863
8.051,0.17072344,0.26590323,-0.057453156,8.052,-0.31615356,0.6558361,0.18444705
8.062,0.54160595,0.29398066,0.11714363,8.063,-0.2618251,0.64837927,0.14183651
8.073,0.70952654,0.28714567,-0.07890129,8.072,-0.23199776,0.7069687,0.07898597
8.081,0.9463644,0.16587895,-0.48028755,8.08,-0.23945458,0.80284244,0.032114364
8.093,0.91389465,0.24783987,-0.813735,8.092,-0.25649878,0.8688888,0.031049104
8.102,0.5629177,0.53604144,-0.42118168,8.103,-0.2362588,0.8305393,0.0544849
8.113,0.44342136,0.8169463,-0.08824539,8.112,-0.2245409,0.74105716,0.05555016
8.123,0.5715151,1.0983837,-0.1755991,8.122,-0.22880195,0.63240033,0.047028054
8.133,0.7140174,1.0415285,0.035554886,8.133,-0.18832195,0.5216129,0.04915858
8.143,1.0095387,0.27892542,-0.43694496,8.143,-0.13505878,0.5184171,0.052354373
8.153,1.1780944,-0.7062129,-0.87927055,8.154,-0.11907981,0.5248087,0.08324702
8.163,0.8986583,-1.2797527,-0.83349514,8.164,-0.15849456,0.47154558,0.16633756
8.173,0.53325415,-1.1416292,-0.62816715,8.174,-0.2160188,0.40017292,0.2728639
8.182,0.4872737,-0.5592476,-0.17210102,8.181,-0.19577879,0.40443397,0.33145338
8.196,1.1789913,-0.083473146,-0.26934242,8.195,-0.11801455,0.5365266,0.25368914
8.202,1.6789436,0.32023674,-0.47748756,8.202,-0.030662945,0.70164245,0.1013565
8.214,1.5564046,0.51518345,-0.54277897,8.213,0.03112234,0.83480036,-0.006235121
8.224,0.9399886,0.33467847,-0.499444,8.223,0.0790592,0.9306741,-0.022214072
8.233,0.17633867,-0.20765024,0.0045728683,8.234,0.14297502,0.9328046,0.03637542
8.245,-0.26983213,-0.94008285,0.32992554,8.244,0.19730346,0.8731498,0.11200914
8.254,-0.36619854,-1.3426826,-0.025943756,8.255,0.19517292,0.8220172,0.17272915
8.264,-0.11632395,-1.2274792,-0.56050587,8.265,0.14084448,0.74744874,0.20042601
8.275,0.055762768,-0.55647933,-0.69406986,8.274,0.0907771,0.647314,0.19616495
8.283,0.006828308,0.2422651,-0.40210724,8.282,0.098233946,0.590855,0.15781547
8.293,-0.19204855,0.7484657,0.040075302,8.292,0.15895396,0.60150766,0.08857334
8.305,-0.41405153,0.9716792,0.14796352,8.304,0.21967399,0.67501086,0.024657523
8.316,-0.57694864,0.9913249,-0.029886246,8.315,0.260154,0.7378614,0.0044175144
8.326,-0.84222317,0.70481634,0.06136799,8.325,0.30382982,0.7250782,0.03424489
8.337,-1.018177,0.12226707,0.0646677,8.336,0.33259195,0.6888592,0.056615427
8.345,-1.3449283,-0.20587033,-0.006937027,8.346,0.31874353,0.66648877,0.0544849
8.356,-2.0032718,-0.23346406,0.44808865,8.355,0.2931772,0.59831184,0.03744068
8.365,-2.627815,-0.19007799,1.0440273,8.364,0.26441506,0.49391606,0.0044175144
8.376,-3.175026,-0.05083412,1.295383,8.375,0.24097925,0.4268045,-0.034997236
8.384,-3.705555,0.095688105,1.6358237,8.383,0.24417503,0.37354133,-0.06482461
8.395,-3.9370728,0.045828313,1.9342527,8.394,0.26548034,0.2840592,-0.09252146
