0.002,0.50327206,-0.7725084,0.3089329,0.0,0.25973788,0.14366077,0.3236903
0.01,0.29877853,-0.9144347,0.19586945,0.011,0.21180102,0.16390078,0.31942925
0.021,0.09995842,-1.0032644,0.03570676,0.02,0.15640731,0.1692271,0.3034503
0.03,-0.15777779,-0.9717889,0.0322721,0.031,0.10847046,0.13620393,0.26616606
0.042,-0.44888306,-0.9377102,0.16205347,0.041,0.072251506,0.09785444,0.22035974
0.05,-0.71113586,-0.89337057,0.28336275,0.051,0.048815697,0.06483127,0.17029236
0.061,-0.89680004,-0.81309724,0.39091122,0.062,0.03177148,0.02754705,0.11170287
0.071,-1.0802555,-0.69548595,0.4086703,0.071,0.013662005,-0.0108024385,0.052048106
0.082,-1.2376547,-0.5646148,0.3345883,0.081,-0.0076432656,-0.053412978,-0.006541384
0.09,-1.2711611,-0.46337593,0.2959652,0.089,-0.03534012,-0.106676154,-0.066196136
0.102,-1.2146816,-0.37737313,0.25791824,0.101,-0.06516749,-0.16633092,-0.12052458
0.11,-1.0254765,-0.33231184,0.18522906,0.111,-0.0939296,-0.2281162,-0.1695267
0.124,-0.75382996,-0.34825137,0.13666058,0.122,-0.11843067,-0.27605304,-0.21000671
0.131,-0.58167934,-0.30413136,0.03922987,0.132,-0.14719278,-0.30801097,-0.23770356
0.144,-0.32668304,-0.27682418,-0.090637565,0.142,-0.17915069,-0.312272,-0.2611394
0.152,-0.03429413,-0.28388664,-0.21560347,0.153,-0.20152122,-0.2888362,-0.28564045
0.164,0.13615799,-0.37066355,-0.3705442,0.162,-0.21963069,-0.24302988,-0.30268463
0.172,0.2590704,-0.4300609,-0.55108076,0.173,-0.23880544,-0.18870145,-0.3101415
0.184,0.37766552,-0.44206613,-0.6887115,0.182,-0.25265387,-0.15141723,-0.3133373
0.19,0.38898468,-0.32762083,-0.7316992,0.191,-0.26224124,-0.15035196,-0.30268463
0.203,0.34783745,-0.1908581,-0.6791595,0.202,-0.26011074,-0.18017933,-0.27392253
0.212,0.33046246,-0.09955394,-0.47571182,0.213,-0.24093597,-0.20254986,-0.22918145
0.223,0.31538582,-0.0019367859,-0.32325387,0.224,-0.22389176,-0.18870145,-0.17485303
0.232,0.228899,0.08138665,-0.32310563,0.233,-0.21643491,-0.134373,-0.116263516
0.244,0.06918907,0.1318919,-0.29964322,0.243,-0.21430439,-0.066196136,-0.0587393
0.253,-0.18257523,0.039677974,-0.227929,0.254,-0.20258647,-0.021455074,-0.004410857
0.264,-0.45235634,-0.092529684,-0.14881998,0.263,-0.18021594,-0.028911918,0.040330213
0.276,-0.7239342,-0.17248051,-0.03571558,0.274,-0.16317172,-0.066196136,0.07228812
0.283,-0.9569855,-0.3711643,-0.057829857,0.284,-0.1727591,-0.11626352,0.09252813
0.293,-1.0680933,-0.6079119,-0.008073568,0.292,-0.20365176,-0.1695267,0.09785444
0.304,-0.9403982,-0.8510573,0.14863503,0.303,-0.2345444,-0.2249204,0.0786797
0.313,-0.6272526,-0.975089,0.24200708,0.314,-0.265437,-0.2803141,0.041395474
0.325,-0.22697735,-0.9540583,0.31909466,0.324,-0.27715495,-0.31333727,-0.0129329655
0.334,0.15992069,-0.6969377,0.3078146,0.335,-0.26969808,-0.34209937,-0.075783506
0.346,0.37139225,-0.35842946,0.30001342,0.344,-0.2515886,-0.38577518,-0.1290467
0.354,0.46974564,0.050229795,0.4446385,0.355,-0.22069596,-0.41986364,-0.16846144
0.365,0.48887348,0.554049,0.50367916,0.364,-0.20684753,-0.42838573,-0.19509304
0.375,0.50806904,1.1564964,0.4464215,0.376,-0.21323912,-0.40494993,-0.21107197
0.385,0.6136322,1.6196277,0.3368072,0.386,-0.23241387,-0.35275203,-0.21852882
0.394,0.7959757,1.8587071,0.17690033,0.393,-0.27395913,-0.30588043,-0.22172463
0.405,0.94729424,1.9537022,0.058149457,0.404,-0.33041808,-0.28990147,-0.22278988
0.415,1.1343269,1.7929662,-0.0046222806,0.414,-0.39007285,-0.292032,-0.22705093
0.426,1.1943779,1.5106395,0.035572708,0.425,-0.44866237,-0.26220465,-0.23024672
0.435,1.044322,1.1811426,0.13473308,0.436,-0.49553394,-0.1812446,-0.22598568
0.446,0.7136164,0.8004906,0.22314513,0.445,-0.5264266,-0.084305614,-0.21320252
0.457,0.46319866,0.5010036,0.21086788,0.456,-0.54347086,-0.0108024385,-0.20041934
0.467,0.18278503,0.30874753,0.07657331,0.466,-0.55412346,0.0041112513,-0.18657093
0.476,-0.21392441,0.18291737,0.039005637,0.476,-0.5487972,-0.0108024385,-0.17378776
0.489,-0.6288414,0.05624245,0.07460934,0.488,-0.5253614,-0.021455074,-0.14822143
0.495,-1.073883,-0.13464096,0.12787902,0.494,-0.48168552,-0.021455074,-0.11306773
0.506,-1.4414186,-0.27883574,0.14761645,0.505,-0.42203078,-0.020389808,-0.08004456
0.516,-1.757925,-0.36959434,0.12191743,0.516,-0.35172337,-0.05128245,-0.052347712
0.527,-2.0834417,-0.46259254,0.05168408,0.526,-0.26863283,-0.11839405,-0.02571613
0.536,-2.4683237,-0.6488187,-0.19080222,0.536,-0.18554227,-0.20361513,0.0030459876
0.547,-2.8503761,-0.84181505,-0.54836917,0.546,-0.105647504,-0.292032,0.02754705
0.556,-3.1244154,-1.1136385,-0.860359,0.557,-0.032144327,-0.4145373,0.060570218
0.566,-3.3123121,-1.3891171,-1.0757824,0.568,0.026445165,-0.5743269,0.10531129
0.577,-3.3856163,-1.3085645,-1.1387991,0.578,0.059468336,-0.7596827,0.15537867
0.587,-3.2512245,-0.9725193,-1.071128,0.586,0.081838876,-0.90775436,0.19159763
0.598,-2.8804169,-0.46175295,-0.9843879,0.597,0.110600986,-0.9801923,0.20864184
0.606,-2.4810276,0.19173773,-0.9316233,0.607,0.13297153,-0.98977965,0.2065113
0.617,-2.122383,0.74415267,-0.91134065,0.617,0.14575468,-0.9578218,0.1862713
0.629,-1.9882126,1.1093436,-0.9277315,0.628,0.14468943,-0.9002975,0.16177025
0.638,-2.0182934,1.1185378,-0.74212366,0.637,0.14362416,-0.8097501,0.1276818
0.648,-2.1193428,1.1881994,-0.57280105,0.647,0.12657994,-0.66913533,0.068027064
0.658,-2.3536596,1.0774971,-0.45829856,0.657,0.10314415,-0.53171635,-0.013998229
0.668,-2.7641735,0.8013779,-0.20933732,0.669,0.08290414,-0.41986364,-0.10987194
0.677,-3.3314342,0.42580354,0.19290102,0.678,0.07864308,-0.34636045,-0.20361514
0.687,-4.040659,-0.01047866,0.7470576,0.686,0.08929572,-0.31972885,-0.2632699
0.702,-4.4277945,-0.21959567,1.201679,0.701,0.08716519,-0.31440255,-0.29203203
0.707,-4.304819,-0.21346663,1.4347725,0.706,0.081838876,-0.32612044,-0.30055413
0.719,-3.7255116,-0.27265805,1.6636107,0.718,0.08716519,-0.3559478,-0.29522783
0.729,-2.8175764,-0.254652,1.7490164,0.728,0.09781783,-0.36446992,-0.27924886
0.739,-1.8519802,-0.11315216,1.6008565,0.738,0.102078885,-0.31653306,-0.23770356
0.75,-0.6309576,0.12287539,1.5249172,0.749,0.120188355,-0.22278987,-0.18017934
0.758,1.2315445,0.34491256,1.8750468,0.759,0.17238627,-0.16100459,-0.13650353
0.77,3.263363,0.48728916,2.0417435,0.769,0.22458418,-0.1258509,-0.06406561
0.78,5.0100985,0.4813202,1.6576369,0.779,0.2565421,-0.08324035,0.049917582
0.788,6.6705894,0.39340237,1.1127923,0.787,0.24695471,-0.06832667,0.17455341
0.799,8.314506,0.41091168,0.6944604,0.798,0.24269366,-0.043825604,0.28534082
0.81,9.965817,0.33878332,0.90556836,0.809,0.25973788,-0.026781391,0.35884398
0.82,11.627131,-0.09622459,0.99976873,0.819,0.22777998,-0.043825604,0.37056187
0.83,13.239111,-0.35703135,1.4369352,0.831,0.1830389,-0.14822143,0.26723132
0.839,14.828961,-0.46736312,1.6106768,0.84,0.102078885,-0.35168675,0.12874708
0.85,16.643547,-0.6320584,0.9317043,0.849,-0.009773793,-0.51999843,0.048852317
0.86,18.713161,-0.009247065,-0.120909154,0.861,-0.12801804,-0.5306511,0.04565653
0.87,20.902222,2.0970492,-0.72295314,0.871,-0.21643491,-0.35807836,0.05843969
0.88,22.45856,4.697989,-0.90089357,0.881,-0.29632968,0.005176515,0.05737443
0.889,22.33776,5.788645,-1.4922264,0.888,-0.49553394,0.4877409,0.1021155
0.901,20.452171,4.415974,-1.5934085,0.9,-0.7362836,0.9276947,0.07122286
0.913,17.144585,2.4423342,-1.2614841,0.912,-0.9290963,1.0480696,-0.02038981
0.921,14.2346525,1.152065,-1.7562041,0.92,-1.053732,0.9319557,-0.086436145
0.932,11.854732,0.0042661726,-2.305554,0.93,-1.0792984,0.7316862,-0.14182985
0.941,9.604328,-0.85513496,-2.7946858,0.94,-1.0665151,0.47921878,-0.21533304
0.952,7.63381,-1.4625466,-3.1214795,0.951,-1.0239047,0.25657868,-0.31759834
0.961,5.7077913,-2.0044339,-2.992307,0.962,-0.9301615,0.12448603,-0.4177331
0.97,2.9416513,-2.6384501,-2.252576,0.971,-0.80978674,0.035003897,-0.42838576
0.981,-0.19935513,-3.3145719,-0.73603046,0.982,-0.67662877,-0.076848775,-0.35168678
0.989,-2.9332047,-3.5289955,0.94380105,0.988,-0.5402751,-0.14396037,-0.22918145
1.001,-5.1921215,-3.142969,2.0119605,1.0,-0.43587917,-0.03849929,-0.088566676
1.012,-7.152351,-2.5460794,2.36273,1.011,-0.3772897,0.3417998,0.06376601
1.023,-8.932808,-1.9562223,1.7466648,1.021,-0.281416,1.0001327,0.20864184
1.031,-10.574851,-1.3346063,0.5696661,1.032,-0.092864335,1.8896277,0.32155976
1.041,-12.757203,-0.67007095,-1.0161766,1.042,0.1361673,3.1061585,0.42702085
1.052,-15.603977,-0.16628598,-3.7267833,1.051,0.3023484,4.72962,0.57402724
1.062,-18.09795,0.04128827,-7.195518,1.061,0.3438937,6.308341,0.79240626
1.073,-17.790243,-0.07633013,-10.19862,1.072,0.23523681,6.948564,0.8936063
1.083,-15.225667,0.25228333,-11.170595,1.084,0.092491515,6.0686564,0.7625789
1.092,-13.148741,2.2139041,-11.028699,1.09,0.047750436,4.1320076,0.55804825
1.103,-13.84305,3.4624407,-10.816618,1.102,-0.017230637,1.9002804,0.17348814
1.113,-15.41061,3.5496058,-9.060179,1.112,-0.13973594,-0.33464253,-0.37299204
1.126,-14.037447,2.6998007,-5.0033894,1.127,-0.26756757,-2.5322812,-0.6989627
1.133,-13.152875,1.4477309,-2.0980058,1.132,-0.43587917,-4.1600037,-0.7234637
1.142,-13.150942,0.31432506,0.3103037,1.143,-0.59034246,-5.0729346,-0.60628474
1.154,-12.060989,-0.8232818,1.916103,1.152,-0.5839509,-5.167743,-0.49017105
1.163,-9.370494,-1.2188271,2.757323,1.162,-0.4912729,-4.6649384,-0.3218594
1.176,-4.193451,-2.1654434,3.4369469,1.174,-0.59034246,-3.9128628,-0.35914364
1.184,-1.6345377,-2.2783694,1.6799709,1.183,-0.4667718,-2.474757,-0.3420994
1.192,-0.828043,-2.1194625,1.1767828,1.191,-0.097125396,-0.78524905,-0.2014846
1.203,-1.8630533,-1.7223864,0.7218638,1.204,-0.009773793,0.48454508,-0.10880668
1.215,-4.991316,-1.482508,-0.15621817,1.213,-0.016165374,1.3900192,-0.049151924
1.223,-7.091794,-1.84431,-0.8928832,1.224,0.030706221,1.9333035,-0.038499292
1.234,-8.586473,-2.0658436,-1.2807342,1.233,0.19262628,2.1879015,-0.0906972
1.244,-10.104815,-2.1809356,-2.121078,1.243,0.2799779,2.1772487,-0.13543828
1.256,-11.89199,-2.2463214,-3.0527034,1.255,0.3545463,2.097354,-0.17485303
1.264,-13.358206,-2.1087995,-3.889176,1.265,0.44402847,1.9418255,-0.17165722
1.275,-14.109406,-1.7580676,-4.8553295,1.274,0.5185969,1.5870929,-0.09921931
1.285,-14.507847,-1.121173,-5.5044956,1.284,0.61766636,1.0267643,-1.4980248E-4
1.294,-13.797354,-0.5432908,-6.081614,1.293,0.62618846,0.3407345,0.005176515
1.304,-13.401005,-0.22007641,-5.5271482,1.303,0.64429796,-0.5125416,0.042460736
1.316,-12.621246,-0.38183686,-4.47408,1.315,0.71780115,-1.2443776,0.13300814
1.324,-11.773696,-1.0921025,-3.0689745,1.325,0.73484534,-1.8206851,0.2736229
1.339,-10.755932,-1.6051215,-1.931927,1.338,0.7241927,-2.04226,0.42702085
1.345,-8.595926,-2.3854895,-1.7070392,1.345,0.5782516,-2.131742,0.5687009
1.355,-5.7382555,-1.5085888,-0.6960341,1.354,0.42378846,-2.2862055,0.62302935
1.365,-1.3311987,-0.80311716,-0.16838038,1.366,0.36626422,-2.5418687,0.40358505
1.376,3.6068354,0.036942616,-1.224136,1.375,0.2363021,-3.008454,0.09998497
1.386,9.491624,1.586512,-0.078113064,1.385,0.14788522,-4.132307,-0.15354776
1.396,16.934881,4.3519087,0.65937835,1.395,0.28210843,-5.2060924,-0.4124068
1.406,31.186783,9.041085,-5.7122746,1.405,0.07864308,-4.9429727,-0.83318585
1.415,51.053345,14.226269,-6.458334,1.417,-0.46144554,-4.139764,-0.98125744
1.425,55.511627,7.9621277,2.192305,1.426,-0.67662877,-1.763161,-0.6052194
1.436,33.35357,-2.368771,4.5357814,1.437,-0.53281826,2.6683352,0.12555128
1.446,21.822355,-0.8754685,1.7712595,1.447,-0.81511307,4.3013844,0.6603136
1.457,17.314903,1.0378921,0.5631763,1.456,-1.0271004,3.9210851,0.7796231
1.466,10.55272,-0.083630264,3.3053033,1.467,-0.32402653,3.6483774,0.7561873
1.476,5.4374475,-3.0518255,4.169272,1.477,0.26825997,3.1945753,0.6667052
1.487,1.1734457,-5.7066903,3.2159894,1.486,0.5260537,2.7631435,0.62089884
1.496,-1.2186584,-7.297568,2.3445787,1.497,0.65495056,2.3945622,0.51224196
1.505,-2.5449429,-7.5280643,2.2237642,1.506,0.6783864,1.7266423,0.39825875
1.518,-3.0213022,-7.491358,1.8039542,1.517,0.5494895,0.85099566,0.33008185
1.528,-2.75103,-6.5126963,0.5492949,1.526,0.33004528,0.17987974,0.26616606
1.537,-1.3877163,-4.1648355,0.2888267,1.538,0.28956527,-0.19935408,0.15005235
1.549,0.06680393,-2.572311,0.61359656,1.547,0.48557377,-0.39429727,0.007307042
1.558,0.543499,-1.1595834,0.36888683,1.557,0.69116956,-0.54663,-0.060869824
1.568,0.4850483,0.30352342,-0.5005045,1.567,0.83924115,-0.6222638,-0.031042445
1.578,-0.05856228,1.3494309,-1.321912,1.579,0.95855063,-0.6105459,0.031808104
1.586,-1.4246979,2.3843226,-1.3274949,1.587,0.9926391,-0.69896275,0.14472602
1.598,-2.3287716,3.1510606,-1.3792315,1.596,1.020336,-0.61374164,0.2789492
1.608,-2.6776266,3.177023,-1.3485606,1.609,1.0182055,-0.45395207,0.34819135
1.618,-3.1271334,2.992892,-0.9899324,1.617,0.9255275,-0.34955624,0.38973662
1.628,-3.4767656,2.7042637,-1.2496563,1.629,0.7018222,-0.22385512,0.39825875
1.638,-3.7936888,2.1364615,-1.0624833,1.639,0.56866425,0.011568096,0.3322124
1.649,-4.1493845,1.6693435,-1.092654,1.648,0.46426848,0.22035974,0.21929447
1.658,-4.668248,1.3789625,-1.6044948,1.66,0.39076528,0.44513035,0.096789174
1.669,-5.0056562,0.9842224,-1.8933791,1.668,0.32471895,0.64220405,-0.033172973
1.678,-5.577745,0.90756893,-2.2317665,1.679,0.26719472,0.78494936,-0.14182985
1.686,-5.9513564,0.61984235,-2.3083494,1.687,0.24802,0.8190378,-0.23344252
1.702,-6.1393065,0.39788574,-2.5670567,1.701,0.25228104,0.6762925,-0.2984236
1.707,-5.8684273,0.012105122,-2.9140282,1.706,0.25973788,0.33327767,-0.34849098
1.719,-5.3878155,-0.2700176,-3.5032878,1.72,0.24588946,-0.14715616,-0.36446995
1.729,-4.5845633,-0.2708802,-4.2615714,1.729,0.1947568,-0.65422165,-0.34742573
1.741,-3.2920837,0.08646861,-4.710481,1.74,0.12231889,-1.1240028,-0.31972885
1.75,-2.002534,0.4941661,-4.606376,1.749,0.058403067,-1.5213461,-0.29735836
1.761,-1.3161774,0.7838999,-4.157613,1.759,-0.010839056,-1.7908577,-0.23770356
1.77,-1.2605066,0.7086426,-3.0840018,1.769,-0.052384336,-1.9080368,-0.16633092
1.781,-1.6963768,0.332326,-1.500193,1.78,-0.014034847,-1.8366641,-0.105610885
1.789,-2.469407,0.067926034,-0.06086558,1.788,0.048815697,-1.6076325,-0.05660877
1.801,-3.431593,-0.16461614,1.0514557,1.8,0.12338415,-1.2475734,-0.028911918
1.81,-4.613146,-0.0923201,1.7704136,1.81,0.10527467,-0.89816695,-0.0033455936
1.821,-5.555437,0.12554191,2.3789108,1.82,0.09781783,-0.54023844,-0.02038981
1.83,-6.1837063,0.4248712,2.8101072,1.831,0.081838876,-0.26326987,-0.086436145
1.84,-6.4890475,0.5636595,2.6508355,1.841,0.07757782,-0.0906972,-0.16100459
1.85,-6.617735,0.40860313,2.1082962,1.851,0.120188355,-0.04062981,-0.20254987
1.867,-6.3902445,0.27172482,1.3114885,1.861,0.17025575,-0.17059197,-0.20254987
1.872,-5.648757,0.18809058,0.26884192,1.871,0.1574726,-0.5285205,-0.15674354
1.882,-3.9821367,-0.0032330304,-0.20884717,1.881,0.0956873,-1.0632827,-0.11200246
1.89,-1.3860388,-0.21398896,0.13980961,1.889,0.0072704237,-1.6917882,-0.098154046
1.902,1.6944666,-0.35847348,1.6638151,1.903,-0.04492749,-2.2116368,-0.1109372
1.91,5.144451,-0.1392389,4.42017,1.91,-1.864211E-4,-2.3096414,-0.12158983
1.922,8.486491,0.27007824,6.751091,1.921,0.025379904,-1.7738135,-0.04489087
1.932,11.617291,0.72883844,5.8347254,1.931,-0.15678015,-0.71600693,0.077614434
1.941,14.03142,0.81324244,3.254712,1.942,-0.2547844,0.516503,0.11170287
1.951,15.022793,0.5981602,0.5799148,1.952,-0.24732755,1.3580612,0.079744965
1.963,14.059953,0.4860882,-1.170684,1.962,-0.3165697,1.3431475,0.023285996
1.973,13.297591,-0.090461046,-1.0477201,1.973,-0.3165697,0.6816188,-0.03636876
1.983,13.034034,-0.31022608,0.13263142,1.982,-0.23241387,-0.04276034,-0.063000344
1.989,14.175379,0.009061277,1.5407867,1.99,-0.14080119,-0.46886572,-0.06939193
2.003,16.82914,0.5860014,1.7042613,2.002,-0.08114644,-0.49230152,-0.065130875
2.013,19.973763,1.2677002,0.88550895,2.012,-0.06942855,-0.1375688,-0.013998229
2.023,22.824059,2.172663,0.4522183,2.022,-0.12695277,0.46217456,0.08826707
2.032,24.127743,3.142157,0.091736436,2.033,-0.23560965,1.1695095,0.22355552
2.042,23.405552,3.7966976,0.2891537,2.043,-0.35704967,1.7447518,0.3087766
2.054,21.029741,3.5613997,0.33863908,2.053,-0.47529393,1.9737835,0.26936182
2.063,17.696136,2.9761884,-0.3370877,2.062,-0.6382793,1.7767097,0.19798921
2.079,14.968752,2.105667,-0.6484832,2.077,-0.74374044,1.3580612,0.07548391
2.084,13.295183,0.8837046,-0.44417828,2.083,-0.7575888,0.90425885,-0.1258509
2.091,11.488566,-0.2451621,-0.86567914,2.092,-0.7107172,0.70718515,-0.29735836
2.104,9.246249,-1.2281222,-1.6316819,2.103,-0.5935383,0.80838513,-0.3953626
2.114,6.080825,-2.3709936,-2.109898,2.112,-0.47848973,0.8882799,-0.3420994
2.124,3.2392683,-3.1704278,-2.6047156,2.125,-0.34426653,0.9703052,-0.18550566
2.133,0.8423557,-3.4183402,-3.1279426,2.134,-0.2665023,1.0320905,-0.022520334
2.145,-1.5386448,-3.2446322,-3.4864144,2.144,-0.2515886,1.1396822,0.12661654
2.153,-4.0228796,-2.928991,-3.3961272,2.154,-0.265437,1.2419474,0.2789492
2.164,-5.943002,-2.6123745,-2.793191,2.163,-0.26224124,1.2856232,0.39293242
2.177,-7.945216,-2.1841397,-2.0549424,2.176,-0.106712766,1.5221118,0.4717619
2.185,-10.43624,-1.792516,-1.7100319,2.183,0.25441155,2.178314,0.6219641
2.192,-13.238102,-1.2864842,-2.6196156,2.193,0.66453797,3.2446427,0.8957368
2.204,-16.266396,-0.67060125,-5.4125423,2.205,0.9606812,4.7072496,1.2920148
2.215,-18.469852,-0.57798815,-10.002187,2.214,0.97346437,6.4936967,1.6382256
2.226,-18.074528,-1.225255,-14.736494,2.224,0.6421674,7.9552383,1.6169202
2.234,-16.510088,-0.19392678,-16.085468,2.235,0.31087053,7.905171,1.341017
2.245,-17.203526,2.661455,-14.782492,2.244,0.26825997,6.0090017,0.92876
2.255,-14.867593,4.427882,-14.892941,2.254,0.3002179,2.78871,0.13620391
2.266,-12.388934,5.873301,-13.132368,2.265,0.2650642,-1.0547607,-0.61480683
2.275,-12.288331,5.5796757,-10.312023,2.274,0.07331677,-3.9586692,-1.1112196
2.285,-13.861841,4.447775,-6.32701,2.286,-0.15891068,-5.6822653,-1.233725
2.294,-13.465199,2.9563127,-1.8986524,2.293,-0.46144554,-7.0106487,-1.2092239
2.304,-12.87538,1.8785787,1.6132579,2.305,-0.7192393,-7.7350283,-1.0206722
2.316,-12.090004,1.7208191,3.1468732,2.315,-0.75652355,-7.335554,-0.7117458
2.326,-6.665362,0.64335537,6.094753,2.325,-0.7788941,-6.4513855,-0.4646047
2.335,-0.5725117,-0.118839115,5.6063933,2.336,-0.43055287,-4.2367024,-0.368731
2.346,2.9820433,-0.66082954,4.584369,2.346,-0.0300138,-1.5383903,-0.39429733
2.357,1.4077959,-1.2421784,3.499004,2.356,-0.08860329,0.3066461,-0.1226551
2.367,-2.8289165,-2.1277595,1.9070477,2.366,-0.25371912,1.6755097,0.055243902
2.376,-5.936675,-1.9775788,1.3587979,2.375,-0.12801804,2.6736615,0.19692394
2.387,-6.970156,-2.5812442,0.4669993,2.386,-0.08647276,2.911215,0.26190498
2.397,-8.185268,-2.835476,-0.7310543,2.396,-0.07795065,2.7460995,0.20544605
2.408,-10.079254,-3.0992575,-1.7080541,2.407,0.011531476,2.5277202,0.13726918
2.416,-11.871312,-3.0546591,-2.8822436,2.415,0.101013616,2.3860404,0.08294076
2.426,-12.871553,-2.9882097,-3.9833674,2.427,0.13403678,2.1527476,-0.042760346
2.436,-13.792054,-1.9286549,-4.8525333,2.437,0.18943049,1.7809708,-0.098154046
2.447,-13.779588,-1.2820517,-5.13103,2.446,0.29063052,1.1727053,-0.16633092
2.457,-13.125321,-0.49280068,-5.5949516,2.457,0.4024832,0.38654086,-0.22598568
2.468,-12.336025,0.40353376,-5.778824,2.467,0.4727906,-0.47419205,-0.27924886
2.478,-11.64121,0.7274288,-5.38083,2.477,0.38650423,-1.2699438,-0.25474778
2.487,-11.116884,1.0574161,-4.7672987,2.486,0.27784735,-1.6342641,-0.15354776
2.496,-10.219123,0.61000574,-3.3261707,2.497,0.22032313,-1.7525082,-0.059804562
2.506,-9.233106,0.32006842,-1.9081211,2.507,0.2064747,-1.742921,0.02222073
2.518,-8.312888,0.09582813,-0.6026566,2.517,0.27039054,-1.5831314,0.08826707
2.529,-6.7401533,-0.4568687,-0.31616855,2.528,0.34922004,-1.076066,0.14046498
2.538,-3.9879951,-1.7156484,-1.8851404,2.539,0.33004528,-0.2888362,0.112768136
2.548,-2.7894125,0.708398,-4.2761536,2.547,0.13403678,0.20544606,0.40358505
2.557,1.2146082,0.6800487,-6.5685024,2.558,-0.025752744,0.21077237,0.37056187
2.569,6.140772,0.132171,-5.988501,2.568,-0.21643491,-0.7532912,-0.02571613
2.579,9.289866,1.8357116,-1.3833442,2.578,-0.1727591,-2.8305552,-0.36660048
2.589,13.047662,3.321008,4.1033144,2.588,0.15640731,-5.115545,-0.7213332
2.598,20.496407,4.725958,5.1563487,2.597,0.17238627,-6.275617,-1.100567
2.609,33.509613,5.864921,2.5991566,2.608,-0.19406438,-4.949364,-1.2614218
2.619,47.024185,6.0475454,-2.8316112,2.618,-0.3655718,-1.9719526,-0.7788574
2.629,50.39047,0.4210112,-0.35595697,2.628,-0.41883495,-0.11093721,-0.02997718
2.639,33.661057,-1.2855239,8.267341,2.64,-0.0182959,2.473392,0.26616606
2.65,18.5206,-1.7224389,7.4669585,2.649,-0.038535908,4.68701,0.65924835
2.659,11.883733,-2.7094676,3.3662472,2.658,-0.09073381,5.3016667,0.8957368
2.672,8.542268,-2.9580388,1.8678348,2.671,-0.106712766,4.6337466,0.90745467
2.679,4.7614193,-3.4479647,2.2454977,2.678,0.013662005,3.5674176,0.84993047
2.689,1.7800951,-5.6591544,2.853322,2.688,0.3438937,2.7215984,0.4461956
2.699,-1.7472525,-7.1496296,3.2169497,2.698,0.77532536,1.9950887,0.08187549
2.714,-3.590724,-6.328935,3.2748203,2.707,1.0096834,0.96817464,-0.13330774
2.719,-3.5651197,-4.087036,2.726635,2.718,1.0853171,-0.18444037,-0.24302988
2.729,-2.1350832,-1.8385627,2.2448268,2.729,0.9745297,-1.3136196,-0.1844404
2.739,-0.064183235,-0.055647567,1.6929814,2.739,0.91061383,-1.8334683,-0.12691617
2.751,2.4284992,1.2588193,1.0077372,2.75,0.96600753,-1.674744,-0.16313513
2.761,3.4144278,2.2915797,0.070507884,2.76,0.96813804,-1.2571607,-0.096023515
2.771,3.6457262,3.0597231,-0.469805,2.77,0.92659277,-0.7330511,0.060570218
2.781,4.074627,3.379312,-0.84035754,2.779,0.8381759,-0.2664657,0.19479342
2.789,4.096677,3.3902848,-1.6264987,2.788,0.6496243,0.068027064,0.25657868
2.803,3.391059,2.6927342,-2.081167,2.801,0.40887478,0.29279765,0.241665
2.811,2.0207672,2.0699337,-2.751539,2.81,0.14895049,0.52182925,0.21077237
2.823,0.30787086,1.3885903,-2.8532658,2.822,-0.05664539,0.7050546,0.17668393
2.831,-1.5343304,0.8895607,-2.6603866,2.83,-0.17915069,0.8296904,0.14685655
2.842,-3.0423775,0.5385544,-2.547421,2.84,-0.23560965,0.91171575,0.11489866
2.852,-4.1721096,0.39392388,-2.497034,2.851,-0.23667492,0.9766968,0.07441865
2.86,-5.1250353,0.2985446,-2.331769,2.861,-0.20045595,0.9830883,0.03393863
2.872,-6.0075836,0.15605858,-2.0190291,2.871,-0.13014856,0.8989325,0.0041112513
2.882,-6.8047404,-0.06882177,-1.8870795,2.881,-0.028948536,0.74659985,0.01582915
2.89,-7.4273863,-0.45371658,-2.0555975,2.891,0.07651255,0.57509243,0.04565653
2.902,-7.8886266,-0.80314195,-2.569778,2.903,0.1627989,0.45578298,0.09359339
2.911,-8.2311735,-1.0315218,-3.2335734,2.91,0.22032313,0.38654086,0.15005235
2.922,-8.378202,-1.1833689,-3.9219363,2.921,0.24056314,0.298124,0.21609868
2.933,-8.280392,-1.1545056,-4.5760574,2.932,0.23097576,0.118094444,0.30131975
2.941,-7.813481,-1.0075,-4.9005995,2.942,0.21712735,-0.16313511,0.37801874
2.952,-6.9777956,-0.6599144,-4.8773155,2.953,0.20327891,-0.49230152,0.4174335
2.962,-5.731842,-0.20856626,-4.667241,2.963,0.18516943,-0.7863143,0.40784612
2.974,-4.402787,0.40845227,-4.4176736,2.973,0.16173364,-1.0132154,0.3726924
2.982,-3.0487852,1.140595,-4.130352,2.983,0.14788522,-1.1911144,0.3204945
2.99,-1.9218254,1.7827284,-3.599555,2.991,0.14468943,-1.3604913,0.24805659
3.003,-1.2524185,2.134622,-2.7549899,3.004,0.15001574,-1.5160198,0.17668393
3.014,-0.8785105,1.9174056,-1.7422295,3.013,0.16812523,-1.5991102,0.1276818
3.023,-0.8266964,1.4117452,-0.49181807,3.024,0.19156101,-1.553304,0.101050235
3.036,-1.2141743,0.96696717,0.56964034,3.035,0.15640731,-1.4041672,0.096789174
3.043,-1.8242979,0.7528416,1.6047418,3.044,0.07757782,-1.1261333,0.09359339
3.054,-2.3576612,0.5181463,2.478969,3.053,-0.017230637,-0.71600693,0.066961795
3.063,-2.783618,0.39916652,2.9888499,3.064,-0.10777803,-0.21426776,-0.0033455936
3.074,-3.107583,0.45099744,2.865967,3.073,-0.16743279,0.21716397,-0.10454562
3.084,-3.5646458,0.6199094,2.0637765,3.083,-0.20471701,0.40358508,-0.18230987
3.093,-3.861724,0.42515755,1.0616431,3.092,-0.23347913,0.34606084,-0.22172463
3.104,-3.8309994,0.09462386,0.22943878,3.104,-0.25798017,0.14685658,-0.23131198
3.114,-3.41432,-0.2559361,0.11206061,3.113,-0.18128121,-0.15993933,-0.22065935
3.124,-2.54424,-0.8846446,0.2323131,3.123,-0.281416,-0.5945669,-0.17485303
3.135,-1.6982155,-0.9317482,0.6837222,3.133,-0.34746233,-0.85023016,-0.096023515
3.145,0.65507126,-1.0586189,2.9524367,3.144,-0.2228265,-1.132525,-0.05447824
3.154,3.3173532,-0.8021164,5.0372043,3.155,-0.12056119,-1.4052323,-0.02038981
3.165,6.3794985,-0.32374954,6.9187493,3.164,-0.0012516846,-1.3285334,-0.039564554
3.174,10.061849,0.012564946,7.541013,3.174,0.04348938,-0.9801923,-0.075783506
3.184,13.7295475,0.25126284,7.0578957,3.185,0.012596741,-0.51147634,-0.052347712
3.193,17.013836,0.6875918,5.8187575,3.192,-0.106712766,-0.15141723,0.08187549
3.204,19.919811,1.6521075,3.8547854,3.206,-0.31124336,0.005176515,0.2682966
3.216,22.737343,2.7115235,1.8302342,3.214,-0.49766445,0.08613655,0.3726924
3.225,24.556328,2.968876,0.77058506,3.226,-0.6361488,0.38121453,0.32155976
3.235,23.444035,2.3751104,0.93891084,3.234,-0.6872814,1.0246338,0.19479342
3.25,20.87593,1.4889294,1.0329541,3.249,-0.7671762,1.4720443,0.052048106
3.256,18.19019,0.88816524,0.70165884,3.255,-0.87476784,1.5242423,-0.05660877
3.265,15.568549,0.33702445,0.37247556,3.265,-0.9631847,1.3687139,-0.10134983
3.276,12.964314,0.073688135,0.6304505,3.275,-1.0015341,1.1450084,-0.08963194
3.286,10.830302,0.062206764,1.0534377,3.285,-0.9599889,0.90745467,-0.049151924
3.296,9.4416275,-0.26701564,1.2005789,3.295,-0.85239726,0.67522717,0.013698623
3.306,8.7862625,-0.55816364,0.4914732,3.307,-0.7064562,0.5644398,0.030742839
3.317,8.081725,-0.98870695,-0.13551164,3.316,-0.54773194,0.43234718,0.019024942
3.327,7.7195425,-1.1817225,-1.7773602,3.326,-0.45398867,0.30771136,0.05737443
3.337,6.9628525,-1.0557421,-3.9639988,3.336,-0.39859498,0.3822798,0.09998497
3.346,5.946149,-0.8163277,-4.874365,3.347,-0.33254862,0.516503,0.08187549
3.356,4.634947,-0.5225874,-4.811876,3.357,-0.26117596,0.57828826,0.028612312
3.366,2.5823889,-0.28829002,-4.8945537,3.367,-0.23774017,0.6997283,-0.015063492
3.377,-0.26138496,-0.30292565,-5.352725,3.376,-0.30591705,0.9458042,-0.0012150665
3.386,-3.5268393,-0.2075236,-4.96014,3.387,-0.382616,1.2025326,0.056309164
3.397,-6.499963,-0.057328984,-3.7007055,3.396,-0.33894023,1.4944149,0.09572391
3.407,-9.403482,-0.043084532,-2.9174461,3.408,-0.12162645,1.9578046,0.13939972
3.418,-12.670496,-0.019688979,-2.7854674,3.417,0.18516943,2.5692656,0.24699134
3.428,-15.908264,0.2787587,-4.7311363,3.427,0.4195274,3.5141544,0.43554294
3.438,-18.318462,0.6291896,-9.2788105,3.439,0.38543895,4.985284,0.5612441
3.448,-20.240677,0.8134713,-13.460119,3.447,0.10314415,6.456413,0.5175683
3.46,-22.797483,1.8877492,-14.290436,3.459,-0.18660754,6.838842,0.47069663
3.467,-23.106411,2.4499297,-14.612977,3.466,-0.3069823,5.493414,0.2682966
3.478,-17.127996,2.1800191,-13.313768,3.477,-0.22389176,2.182575,-0.08324035
3.486,-12.270935,1.8765627,-11.489623,3.487,-0.12801804,-1.6321335,-0.27711833
3.498,-12.918488,1.0005941,-10.1040745,3.499,-0.22069596,-4.02365,-0.36660048
3.507,-13.576931,0.050627053,-6.5768986,3.508,-0.24200122,-5.232724,-0.34955627
3.518,-12.917695,-0.5018817,-2.2222168,3.519,-0.11097382,-6.087065,-0.18657093
3.529,-11.12328,-1.5293833,1.1473045,3.528,-0.0182959,-6.683613,-0.031042445
3.538,-7.846057,-3.4514086,3.5488005,3.537,-0.14612752,-7.224767,-0.24196462
3.55,-4.841916,-3.087521,6.9044285,3.549,-0.20684753,-7.2727036,-0.2899015
3.558,-0.0071048737,-2.8991184,6.254592,3.56,0.081838876,-5.380796,-0.24729092
3.57,5.1329107,-2.787229,4.6931906,3.568,0.29595685,-2.4800835,-0.3303815
3.58,5.351618,-1.0524431,4.7177415,3.579,0.2565421,-0.036368757,-0.2899015
3.587,0.50584793,0.037110686,3.7554338,3.588,0.1159273,1.6946844,-0.12691617
3.602,-3.5695705,-0.11913738,2.6996186,3.603,0.032836746,2.7418385,0.025416523
3.608,-5.6070185,-0.25516653,1.5575593,3.609,0.020053586,3.2105544,0.08081023
3.62,-7.7270775,-0.31144622,0.99574184,3.618,0.171321,3.3277333,0.06483127
3.63,-9.86113,-0.19675812,-0.20550132,3.629,0.25228104,3.1796618,0.019024942
3.64,-12.072655,-0.07423276,-1.6311766,3.641,0.30554423,3.0635478,-0.02038981
3.65,-14.0230255,-0.024393484,-3.1950588,3.649,0.446159,3.0869837,-0.04808666
3.662,-15.060913,-0.01463221,-5.0053697,3.66,0.32471895,3.0177414,-0.08963194
3.672,-16.357124,0.5116488,-6.3088546,3.671,0.111666255,2.6417036,-0.13330774
3.681,-15.824904,0.66492945,-6.8969793,3.68,0.05201149,1.9045414,-0.14822143
3.689,-13.850203,0.5050628,-7.799218,3.688,0.04029359,0.89147574,-0.19615829
3.701,-12.587325,0.8005003,-7.696885,3.7,0.047750436,-0.3452952,-0.21320252
3.709,-10.21703,0.14840224,-8.255607,3.708,-0.006578002,-1.226268,-0.17804882
3.721,-8.430394,-0.09459879,-8.333891,3.722,-0.06516749,-1.742921,-0.09176246
3.731,-6.4859924,0.5396392,-6.4612236,3.732,0.015792532,-2.2776833,-0.06832667
3.741,-2.9660568,0.29485422,-5.844823,3.74,0.07438203,-2.9914098,-0.16739617
3.752,0.91551495,-0.15753551,-5.434287,3.753,0.028575694,-4.1163282,-0.3389036
3.762,4.6871443,0.30373564,-1.9429293,3.763,0.091426246,-5.7845306,-0.40281945
3.776,10.971964,1.4642843,3.4469752,3.771,0.5430979,-7.3344893,-0.49230155
3.782,22.999454,1.3481911,4.7742066,3.781,0.86587274,-7.418645,-0.79270583
3.79,40.44301,3.16617,1.5762239,3.789,0.3406979,-5.0207367,-0.805489
3.802,52.93474,5.894754,1.0577042,3.801,-0.37515917,-0.5040195,-0.31440258
3.811,43.27466,2.7003803,-2.214113,3.812,-0.37302864,3.6036365,0.08507128
3.822,24.926704,1.4383329,0.37695298,3.823,0.14042836,3.8060367,0.26510078
3.832,17.086542,-1.6275527,4.5384245,3.831,-0.1290833,2.2763183,0.46430507
3.842,9.475552,-1.830755,3.896754,3.841,-0.016165374,2.562874,0.6922715
3.852,6.1630106,-2.520183,2.0885267,3.851,-0.048123278,3.1839228,0.6912062
3.862,3.8463821,-2.595969,0.8353988,3.861,-0.17915069,3.2957754,0.5974631
3.872,1.7196274,-2.1918566,1.6491829,3.871,-0.106712766,2.9282594,0.41423768
3.884,-0.805006,-2.6389492,2.4359965,3.882,0.06692518,2.2859056,0.18733656
3.891,-3.550949,-2.9401946,2.6107144,3.89,0.1745168,1.4933497,-0.0076066465
3.902,-5.1463976,-2.3251307,2.619109,3.901,0.20540944,0.62409455,-0.15248248
3.913,-4.5312147,-1.2222298,2.8291466,3.914,0.25441155,-0.38364467,-0.19296251
3.925,-1.7582712,-0.007597856,2.6726723,3.924,0.36626422,-1.3711439,-0.19722356
3.934,0.64042664,1.0009944,1.742276,3.935,0.4717253,-1.9112326,-0.23344252
3.943,1.9506006,1.5458312,0.69749975,3.942,0.54842424,-1.8824704,-0.2281162
3.954,2.778884,1.7501189,0.03333676,3.953,0.5793169,-1.4904534,-0.1258509
3.968,3.2888432,1.7612773,-0.39483428,3.967,0.55162,-0.98125756,0.028612312
3.974,3.6981945,1.6403574,-0.5124221,3.974,0.46213794,-0.5711311,0.15005235
3.984,4.0356693,1.2966057,-0.6459494,3.983,0.33537158,-0.2654004,0.18520604
3.991,3.7787018,0.9684094,-0.72320455,3.99,0.19156101,-0.032107707,0.17135762
4.003,2.9826841,0.34747154,-0.90215576,4.003,-0.0012516846,0.14685658,0.14579129
4.013,1.8036308,-0.19337657,-0.5129343,4.014,-0.09925593,0.30877662,0.08507128
4.024,0.62707233,-0.1475132,-0.5755398,4.025,-0.16636753,0.40997663,0.017959677
4.034,-0.53805256,-0.074088395,-0.71007615,4.033,-0.20684753,0.4472609,-0.042760346
4.044,-1.6016655,-0.015815988,-0.7929603,4.045,-0.20578228,0.43021667,-0.09921931
4.054,-2.54556,0.13480072,-0.895442,4.054,-0.18128121,0.37269244,-0.14182985
4.065,-3.4374952,0.24716985,-0.9991404,4.064,-0.14399698,0.2917324,-0.16526565
4.074,-4.24452,0.24183479,-1.0515906,4.074,-0.0939296,0.19479343,-0.17804882
4.085,-4.9456196,0.13426594,-1.1039358,4.084,-0.037470646,0.09465866,-0.18550566
4.095,-5.5531015,-0.029458739,-1.3685234,4.093,0.01898832,0.023285994,-0.18657093
4.105,-6.095499,-0.22708294,-1.6732152,4.104,0.058403067,-0.04915192,-0.1642004
4.114,-6.422474,-0.43689013,-2.0130439,4.115,0.07118624,-0.15035196,-0.11413299
4.125,-6.4848022,-0.52912354,-2.4926949,4.124,0.06266414,-0.2749878,-0.0587393
4.134,-6.508033,-0.60125506,-2.8252413,4.135,0.054142017,-0.39855835,-0.006541384
4.145,-6.559034,-0.5652446,-3.0327365,4.146,0.05307675,-0.5008237,0.04565653
4.155,-6.5632505,-0.38801885,-3.14855,4.154,0.06266414,-0.5935016,0.0903976
4.166,-6.5133305,-0.20698483,-3.0568075,4.165,0.08716519,-0.68404907,0.11596392
4.175,-6.4593697,-0.1723,-2.817895,4.176,0.13723257,-0.75435644,0.11809445
4.187,-6.4104996,-0.18575516,-2.5226965,4.186,0.20221364,-0.801228,0.10531129
4.194,-6.438016,-0.33712608,-2.1831079,4.194,0.25121576,-0.84170806,0.08613654
4.207,-6.5961185,-0.4858119,-1.6110446,4.206,0.2735863,-0.882188,0.06163548
4.216,-6.7155905,-0.47122905,-0.8502816,4.215,0.25973788,-0.9152112,0.03713442
4.226,-6.6167364,-0.293836,-0.088348806,4.227,0.2096705,-0.92586386,0.02754705
4.237,-6.2141924,0.06918484,0.6251117,4.236,0.11805783,-0.9013628,0.044591263
4.246,-5.206847,0.6342225,0.9803035,4.247,-0.017230637,-0.83851224,0.053113375
4.256,-3.680109,1.347482,1.6342634,4.255,-0.13227908,-0.77672696,0.012633359
4.266,-2.003395,1.8380177,2.6986527,4.267,-0.1727591,-0.7149417,-0.039564554
4.276,-0.043418884,2.0260553,3.7233841,4.277,-0.17382437,-0.6371774,-0.08004456
4.287,2.466632,1.9730846,4.288857,4.286,-0.16317172,-0.5690006,-0.107741416
4.297,5.4870005,1.8027825,4.1988463,4.296,-0.12375698,-0.5476953,-0.13117722
4.309,8.390219,1.2434143,3.8299286,4.308,-0.066232756,-0.47738785,-0.13969932
4.317,10.376106,0.05844125,2.8459997,4.318,-0.115234874,-0.25794357,-0.053412978
4.327,11.671439,-1.6218319,2.5674226,4.329,-0.23347913,-0.057674028,0.11170287
4.337,13.283671,-2.5434823,3.823187,4.336,-0.3858118,-0.059804555,0.28534082
4.347,15.453264,-1.570027,5.4630537,4.348,-0.4657066,-0.09176246,0.29492816
4.357,18.136011,0.0830974,6.66715,4.356,-0.4039213,0.053113375,0.15218288
4.367,19.873219,1.4100121,5.127787,4.368,-0.39433393,0.49732828,0.06483127
4.378,20.562506,2.271204,3.5126,4.377,-0.43374866,1.0182421,0.044591263
4.387,20.900356,2.323429,3.577101,4.386,-0.4763592,1.3165159,-0.0108024385
4.398,20.035381,1.3336867,4.1870613,4.397,-0.4848813,1.4177159,-0.08430562
4.414,18.752113,0.062627934,4.5075607,4.407,-0.4848813,1.381497,-0.1290467
4.418,17.294815,-0.85539144,4.244863,4.417,-0.47209814,1.3303643,-0.1375688
4.428,15.625383,-1.2743841,3.7485433,4.427,-0.45505393,1.2888191,-0.107741416
4.437,13.662949,-1.0460615,3.0063818,4.439,-0.42309603,1.2589916,-0.024650864
4.448,10.665007,-0.54439515,1.9988902,4.449,-0.37942022,1.1886842,0.07122286
4.458,8.220116,-0.046175115,1.0773498,4.459,-0.34852758,0.92130303,0.10957234
4.47,7.227169,0.30896425,0.13029075,4.469,-0.3080476,0.49839354,0.103180766
4.478,6.977048,0.70767695,-1.1824335,4.48,-0.2398707,0.098919705,0.049917582
4.488,6.538059,1.0560898,-2.7379684,4.487,-0.15997595,-0.16100459,-0.074718244
4.498,5.981825,1.088707,-3.551052,4.499,-0.07901592,-0.30694568,-0.22065935
4.507,5.164853,0.9390324,-4.8506236,4.508,-0.043862227,-0.1780488,-0.26540044
4.519,3.6299963,0.43461275,-6.256391,4.518,-0.07795065,0.25870925,-0.22385515
4.53,1.8802099,-0.013691843,-7.065392,4.529,-0.19193384,0.8339515,-0.16846144
4.539,-0.26523113,-0.3946562,-7.479572,4.538,-0.32083073,1.4347601,-0.10880668
4.55,-2.8216457,-0.6772616,-7.244631,4.549,-0.33787495,2.170857,-0.06406561
4.56,-5.7897663,-1.0182822,-6.943759,4.559,-0.13973594,3.1413121,0.017959677
4.57,-8.948902,-1.0304619,-7.043684,4.571,0.22245365,4.184205,0.21396816
4.58,-12.256905,-0.5575573,-7.925431,4.579,0.6112748,5.1674433,0.55911356
4.589,-15.616627,0.04872369,-9.88491,4.588,0.8435022,6.1815743,0.9937411
4.597,-16.816307,-0.13475342,-14.035973,4.598,0.6719948,7.271339,1.2174464
4.611,-17.163097,0.12888849,-16.223066,4.61,0.30447894,7.4013014,1.1876191
4.624,-20.93688,1.9119726,-14.739796,4.625,0.07651255,6.0036755,0.9511305
4.631,-20.9175,2.7283463,-15.547075,4.63,-0.023622219,3.4374554,0.35884398
4.64,-17.15839,3.8687315,-13.293211,4.639,0.058403067,-0.10348036,-0.12798142
4.65,-13.881426,2.8919277,-10.831099,4.651,-0.01190432,-3.198071,-0.5721963
4.661,-14.1891575,1.6719428,-8.283812,4.662,-0.15997595,-4.9664083,-0.8779269
4.671,-14.599037,1.5585643,-5.324889,4.672,-0.25371912,-5.856969,-0.7809879
4.681,-12.268298,0.26545036,-2.698425,4.68,-0.551993,-6.584543,-0.7170721
4.69,-11.60435,-0.35800952,-0.42517614,4.689,-0.7373488,-6.8231626,-0.59989315
4.702,-11.095757,-0.27977994,0.38250828,4.701,-0.6382793,-6.397057,-0.24516042
4.71,-7.206166,-1.0275675,1.2917502,4.709,-0.5040561,-5.916623,-0.004410857
4.722,-1.9372663,-1.2157578,1.5298939,4.721,-0.511513,-5.1368504,-0.0012150665
4.732,1.7513533,-0.6238103,1.7407218,4.731,-0.49659923,-3.6263068,-0.004410857
4.741,3.0263348,-0.6453217,3.1071687,4.742,-0.47742447,-1.5266724,0.041395474
4.752,1.3949242,-1.4399188,2.7648218,4.751,-0.5892772,0.51330715,0.07122286
4.761,-1.7530804,-1.6558478,1.5356109,4.761,-0.6244309,1.8363645,0.04672179
4.771,-3.9707327,-1.2966352,0.5527456,4.772,-0.5381445,2.4978929,-0.031042445
4.782,-5.7071667,-1.1032552,-0.22259724,4.781,-0.32935286,2.7642088,-0.17165722
4.79,-7.730086,-0.88731784,-0.60238755,4.789,-0.19193384,2.5724616,-0.29203203
4.802,-10.019162,0.07747183,-2.3449872,4.801,-0.184477,2.3828444,-0.16739617
4.813,-11.055803,-0.11808703,-2.710291,4.812,-0.047058016,2.412672,-0.18550566
4.823,-12.21758,-1.0803111,-3.9774332,4.822,-0.12375698,2.4478254,-0.27498782
4.837,-13.616459,-0.61970395,-4.444435,4.838,-0.11949593,2.4201288,-0.26859623
4.844,-13.67253,-0.7052668,-5.2261243,4.843,-0.12056119,2.2422297,-0.2600741
4.852,-13.5504875,-0.50134236,-6.029793,4.853,-0.09819066,1.9258467,-0.21533304
4.864,-13.200218,-0.37778065,-6.1654186,4.863,-0.07155907,1.3420823,-0.13650353
4.873,-12.916876,-0.20268169,-5.356182,4.873,0.059468336,0.52822083,-0.028911918
4.884,-11.237891,-1.1767792,-5.8002043,4.882,0.16386417,-0.1226551,0.050982844
4.893,-9.06802,-1.3777802,-6.847769,4.892,0.10527467,-0.724529,0.1894671
4.906,-6.7350445,-0.303288,-6.266485,4.903,0.22351892,-1.3210766,0.21822922
4.913,-3.8126097,-0.4814349,-6.2927113,4.912,0.42804953,-2.0475864,0.1138334
4.923,-0.30706787,-1.3978287,-7.1838593,4.924,0.37478635,-3.1788962,-0.032107707
4.937,2.759056,-1.5082202,-4.76299,4.938,0.19369154,-5.0026274,-0.15248248
4.946,6.548443,-0.16302331,1.0821807,4.945,0.19688734,-6.9563203,-0.30907625
4.954,14.269728,1.9228629,4.1993856,4.953,0.27145576,-7.671112,-0.6915058
4.963,27.019886,5.602794,3.0299087,4.964,0.24802,-6.060434,-1.0249333
4.974,44.6695,9.981506,-0.083737954,4.975,-0.083276965,-3.756269,-0.9386469
4.984,60.498787,6.894696,0.4689324,4.984,-0.20258647,-1.909102,-0.550891
4.993,50.014526,0.7351535,6.493428,4.992,-0.11097382,1.773514,-0.13011195
5.004,22.973919,-1.6549497,7.3691583,5.005,-0.092864335,5.3655825,0.31410292
5.015,13.307262,-0.0810917,2.3186588,5.014,-1.1496058,5.327233,0.8371473
5.025,7.252058,-1.2958415,2.3285613,5.024,-1.3530711,4.8425384,1.0821579
5.036,1.9297237,-2.2655504,3.6209536,5.035,-0.61377823,4.85106,0.97030526
5.045,-1.7385883,-3.5128157,3.8873582,5.044,-0.14186646,4.108572,0.71677256
5.054,-5.0937214,-4.977887,4.755831,5.055,0.2416284,2.800428,0.51437247
5.066,-7.1117225,-6.1597633,6.030799,5.065,0.6102095,1.1577916,0.3002545
5.074,-7.7637196,-6.036196,6.0077877,5.076,0.7135401,-0.6350469,0.10531129
5.085,-5.801635,-3.7218316,4.6761456,5.084,0.725258,-2.0763485,-0.011867702
5.095,-2.1335115,-1.177707,3.2151895,5.094,0.6006221,-3.069174,-0.05767403
5.105,0.84818363,-0.36256188,2.196036,5.104,0.5558811,-3.2087235,-0.096023515
5.116,3.5014076,0.3563423,1.3938243,5.115,0.65282005,-2.652656,-0.075783506
5.125,6.5967607,0.81730145,0.4793222,5.126,0.74336743,-1.9495821,0.001980724
5.136,9.081891,1.6121585,-0.70788544,5.135,0.69649583,-1.4041672,0.09359339
5.148,10.868736,2.124328,-1.2901093,5.146,0.55162,-0.8757965,0.09998497
5.157,10.503718,2.3827405,-1.0762827,5.156,0.3726558,-0.21000671,0.055243902
5.166,8.00433,2.2227018,-0.33593082,5.165,0.2363021,0.4994588,0.0041112513
5.176,5.1202984,1.8444763,0.1984973,5.177,0.09888309,0.9489999,-0.02038981
5.186,2.390336,1.5857517,0.38835216,5.187,0.0051398966,1.1897496,-0.028911918
5.196,0.101545334,1.3733697,0.19313383,5.195,-0.07901592,1.2504696,-0.04808666
5.206,-1.9459848,1.1562521,-0.17067301,5.207,-0.15464963,1.1780317,-0.06832667
5.217,-3.7887802,0.9053325,-0.63295865,5.216,-0.21750017,1.0374168,-0.086436145
5.226,-5.5109468,0.57087034,-0.9198854,5.227,-0.25265387,0.84673464,-0.06406561
5.236,-6.864862,0.28081658,-0.91899776,5.237,-0.24093597,0.61770296,-0.015063492
5.246,-7.7992578,0.103880055,-1.1970361,5.248,-0.17808542,0.45578298,0.047787055
5.263,-8.413921,-0.09145719,-1.8956513,5.262,-0.13014856,0.34499556,0.08826707
5.268,-8.88806,-0.06819308,-2.9448047,5.267,-0.11843067,0.29386294,0.13939972
5.278,-8.786068,-0.0044206697,-3.658889,5.277,-0.058775917,0.25338292,0.11170287
5.286,-8.61098,0.014702134,-4.0876,5.287,-0.0055127386,0.005176515,0.017959677
5.297,-8.83786,0.033230018,-4.847296,5.296,-0.048123278,-0.38577518,9.154606E-4
5.305,-8.713343,0.017443482,-5.3237863,5.306,-0.08860329,-0.74476904,0.010502832
5.318,-7.9862843,0.12759627,-5.1792364,5.317,-0.07901592,-1.0739355,-0.00228033
5.328,-6.8431993,0.29333797,-4.783551,5.329,-0.028948536,-1.3711439,-0.037434023
5.34,-5.8736944,0.3946289,-4.427272,5.339,0.028575694,-1.5682176,-0.07045719
5.349,-5.323202,0.3864522,-4.0814967,5.348,0.07438203,-1.6694177,-0.074718244
5.359,-4.880246,0.36300993,-3.8299403,5.358,0.102078885,-1.6875272,-0.049151924
5.369,-4.4095097,0.18176904,-3.2516375,5.368,0.12977573,-1.6768745,-0.032107707
5.379,-4.0516415,-0.19819166,-2.3913255,5.38,0.19156101,-1.6502429,-0.02997718
5.387,-3.7227125,-0.61790276,-1.5258255,5.386,0.27891263,-1.5628914,-0.04169508
5.398,-3.396144,-1.0737842,-0.8239923,5.397,0.34602422,-1.4126892,-0.06406561
5.409,-3.2345896,-1.6859261,-0.07144734,5.408,0.4024832,-1.1953754,-0.0672614
5.42,-3.0087051,-2.131751,0.2116361,5.419,0.405679,-0.98125756,-0.0353035
5.429,-2.8054533,-2.269488,0.12188698,5.428,0.33430633,-0.84170806,0.020090204
5.439,-2.362671,-1.8419253,0.35573924,5.438,0.23097576,-0.821468,0.053113375
5.45,-1.5069304,-0.91726935,0.66095805,5.449,0.11699257,-0.85662174,0.043526
5.46,-0.16282749,0.09276885,1.0548012,5.458,8.7884243E-4,-0.8800575,-0.0076066465
5.47,1.4223776,1.198131,1.7222708,5.469,-0.08860329,-0.8363817,-0.10880668
5.48,3.0377464,2.056697,2.5248122,5.479,-0.10245171,-0.69257116,-0.21000671
5.488,4.3029537,2.5161772,2.9937432,5.487,-0.036405385,-0.4965626,-0.24729092
5.5,5.4430647,2.5600283,3.0125926,5.498,0.06799045,-0.3186636,-0.21746357
5.507,6.9168577,2.2446795,2.5422332,5.508,0.12871048,-0.134373,-0.17485303
5.52,8.405609,1.5415546,1.8274312,5.519,0.13829784,0.079744965,-0.15993933
5.529,9.679714,0.30876696,1.5190649,5.53,0.08823046,0.16177025,-0.17378776
5.54,10.730624,-1.2410713,2.0055547,5.541,0.081838876,0.16709657,-0.2046804
5.551,11.628482,-2.7678463,3.2890837,5.55,0.101013616,0.089332335,-0.23024672
5.56,12.252007,-3.7318025,4.3738995,5.561,0.06799045,-0.036368757,-0.17804882
5.571,13.170483,-3.7278218,5.8505535,5.57,0.0637294,-0.11519826,-0.031042445
5.581,15.066205,-2.5338342,6.7554054,5.58,0.16386417,-0.11945931,0.12981233
5.589,17.535107,0.037656635,5.895219,5.588,0.33430633,-0.0076066474,0.24805659
5.6,19.837313,2.2909157,3.9224188,5.599,0.3726558,0.2363387,0.3577787
5.61,21.569227,3.7265992,2.3747423,5.611,0.25547683,0.65924823,0.4046503
5.62,21.984535,3.5861812,2.343699,5.621,0.05520728,1.0789621,0.32901663
5.63,19.916733,2.0136547,2.6270828,5.632,-0.17488964,1.361257,0.18414077
5.642,16.87874,0.33569786,2.272185,5.641,-0.34959283,1.3889538,0.03819968
5.652,14.103825,-0.9316196,1.8621255,5.651,-0.44653183,1.082158,-0.066196136
5.662,11.9865675,-1.5843173,0.9606815,5.661,-0.5200351,0.62622505,-0.13224247
5.671,10.138786,-1.8901601,0.15546587,5.672,-0.515774,0.24805659,-0.08750141
5.687,8.229456,-1.8511641,-0.9388785,5.686,-0.4657066,0.028612312,0.1276818
5.691,6.495673,-1.7210814,-1.955347,5.69,-0.40179074,0.10318076,0.439804
5.703,4.53477,-1.2417206,-2.080706,5.702,-0.27822018,0.38654086,0.66777045
5.71,3.1589117,0.3848241,-2.1439288,5.709,-0.09925593,0.5963977,0.734882
5.722,2.1705217,2.2361836,-1.9624379,5.723,0.14788522,0.78494936,0.72529465
5.732,1.0387793,3.3055608,-2.3540955,5.733,0.3726558,1.11092,0.6826841
5.742,-0.25866318,2.8463154,-4.047732,5.741,0.44509375,1.5476781,0.5953325
5.752,-2.0388098,1.6523736,-5.490037,5.753,0.38543895,2.0291772,0.47389245
5.762,-4.3404913,0.34756047,-6.0155764,5.763,0.35667685,2.700293,0.31729868
5.772,-6.948495,-0.609895,-6.633894,5.771,0.40354845,3.5748744,0.14472602
5.783,-10.082763,-1.2165651,-7.466773,5.784,0.46533373,4.441999,0.017959677
5.794,-13.780571,-1.6343126,-9.0245695,5.793,0.5356411,5.350669,-0.0033455936
5.804,-16.338646,-2.2458632,-11.527334,5.803,0.5249885,6.3498864,-0.05021719
5.813,-18.071194,-2.6025486,-14.434187,5.812,0.3545463,7.0763955,-0.088566676
5.823,-20.735172,-0.61712897,-15.122279,5.822,0.16919048,6.58744,0.14046498
5.832,-21.981327,1.5597508,-14.660447,5.833,0.09462204,4.5858097,0.23846923
5.844,-19.795794,3.7205515,-13.181387,5.843,0.11273152,1.2494043,0.15644392
5.853,-16.006783,5.193445,-11.442863,5.854,0.09888309,-2.131742,0.040330213
5.867,-14.447713,4.541089,-10.1441555,5.865,-0.0076432656,-4.0854354,-0.05554351
5.874,-13.893439,3.294614,-7.3635297,5.873,-0.16849805,-5.0889134,-0.027846653
5.884,-12.480126,1.7496073,-4.431837,5.886,-0.3890076,-5.7365937,0.087201804
5.892,-11.302053,0.5198785,-1.9024419,5.891,-0.50512135,-5.9848003,0.15111761
5.905,-10.353839,-0.2898692,-0.33839393,5.904,-0.49766445,-5.76003,0.1777492
5.912,-8.376742,-0.9885713,0.9726701,5.913,-0.4422708,-5.4084926,0.3002545
5.924,-4.9206476,-1.9928962,2.375187,5.923,-0.40711707,-4.9067535,0.33753872
5.933,-1.4253378,-2.0213969,2.9926581,5.934,-0.35811496,-3.8936882,0.24699134
5.945,0.6087055,-1.8883859,3.800442,5.944,-0.24626228,-2.425755,0.13726918
5.955,-0.0014886856,-1.7896504,3.636385,5.954,-0.14932331,-0.6041543,0.22035974
5.965,-2.1260414,-2.188354,2.4962783,5.964,-0.08753802,1.0118506,0.27255765
5.974,-4.606866,-2.0055137,1.5304952,5.975,-0.0182959,1.8480823,0.26616606
5.986,-5.89034,-1.6784911,0.3671497,5.985,-0.15251909,1.8811055,0.2331429
5.994,-7.5063534,-1.3349924,-0.46295363,5.993,-0.22069596,1.7500782,0.23420817
6.007,-8.877608,-0.88617253,-1.3272419,6.006,-0.07262433,1.9130634,0.19053237
6.015,-10.362355,-0.2317127,-2.0329595,6.014,0.05201149,2.0376992,0.08613654
6.025,-11.972517,0.526475,-3.1355472,6.024,0.11273152,2.036634,0.048852317
6.035,-12.8941345,0.8288666,-4.248789,6.034,0.15853785,1.9290425,0.07441865
6.046,-13.405474,0.96929187,-5.305159,6.045,0.14788522,1.6286381,0.12661654
6.056,-13.889596,1.2144806,-6.0910387,6.055,0.10420941,1.1396822,0.18201025
6.066,-13.186105,1.460032,-6.795088,6.067,0.02964096,0.43341246,0.17987972
6.075,-12.4922285,2.1101012,-7.2144566,6.076,-0.052384336,-0.3676657,0.16390078
6.086,-10.936179,2.3812928,-6.9261255,6.085,-0.11203908,-1.2060281,0.032873366
6.096,-9.302049,2.3185582,-5.4246798,6.095,-0.040666435,-1.8153588,-0.14289512
6.113,-7.391924,1.1345329,-6.1660795,6.104,-0.12801804,-1.9953884,-0.2696615
6.116,-5.590025,1.4893131,-7.2463074,6.116,-0.27289388,-1.893123,-0.2899015
6.127,-2.6162004,2.545875,-6.5089564,6.126,-0.20684753,-1.8877968,-0.34955627
6.136,2.1481037,2.1687386,-5.76685,6.135,-0.049188547,-2.3234897,-0.64356893
6.146,7.072201,1.928212,-3.6566174,6.147,0.0839694,-3.6156542,-0.9876491
6.157,10.88099,2.8232172,4.401241,6.156,0.4248537,-5.8399243,-1.1080239
6.166,16.205992,2.479635,11.688265,6.167,0.6666685,-7.362186,-1.0334554
6.176,29.584393,0.42564034,7.3578625,6.177,0.31300107,-5.734463,-1.0526301
6.187,49.739056,-0.006618127,-0.5838878,6.188,0.32791477,-1.6182851,-0.8342511
6.196,60.29537,1.3659897,-1.5620071,6.195,0.30128318,1.1972064,-0.20787619
6.208,40.75301,-1.6328562,1.0131657,6.207,0.0072704237,3.6196156,0.33008185
6.218,18.364017,-5.933317,3.3812287,6.219,-0.38048548,5.2281637,0.8264947
6.227,12.841896,-5.320172,2.8400202,6.228,-0.3165697,5.6478777,0.9351516
6.237,6.8538866,-4.57378,2.8520315,6.238,-0.08753802,5.101397,0.87336624
6.248,0.27795506,-3.3836634,3.634525,6.249,0.15640731,4.124551,0.74340415
6.257,-3.6833668,-1.6672904,3.1836867,6.258,0.29915264,3.1391816,0.4461956
6.269,-6.032402,0.48574963,2.0789855,6.268,0.26825997,1.9769794,0.15218288
6.278,-6.6550026,2.831417,1.6080632,6.277,0.12338415,0.3971935,-0.00228033
6.287,-4.03343,4.25306,1.2423891,6.288,0.05520728,-1.2837923,-0.15567829
6.297,0.3365326,3.8607354,1.5805732,6.298,0.15640731,-2.6260245,-0.36660048
6.308,3.5919952,3.012426,1.5700604,6.306,0.23523681,-3.2492034,-0.5210637
6.319,6.433757,2.8026385,0.6562332,6.318,0.18836524,-3.0350857,-0.5455647
6.329,9.333651,1.9277751,-0.3586383,6.328,0.08290414,-2.2180285,-0.4326468
6.339,11.658508,0.5414644,-1.099807,6.34,-0.012969583,-1.1943102,-0.24835621
6.35,12.834671,-0.6218182,-1.2033074,6.349,-0.05984118,-0.2014846,-0.13969932
6.36,11.854785,-1.154745,-1.3186553,6.358,-0.11843067,0.577223,-0.13011195
6.37,9.651416,-1.7471699,-1.2937613,6.369,-0.14186646,1.0885495,-0.17804882
6.378,6.685567,-1.4896266,-1.1647743,6.379,-0.21856543,1.3154507,-0.21426778
6.388,3.617859,-1.4434744,-1.0014492,6.387,-0.28461176,1.3026674,-0.24196462
6.398,0.44945621,-1.4781502,-1.3292884,6.399,-0.5370793,1.2004021,-0.22385515
6.41,-2.8681335,-0.69307566,-1.327667,6.409,-0.6041909,1.3378211,-0.22278988
6.42,-5.039303,-0.82834136,-0.43617082,6.419,-0.46996763,1.385758,-0.2899015
6.434,-7.6232443,-0.6697562,-0.5146158,6.433,-0.34746233,1.3271686,-0.30907625
6.44,-9.979843,-0.40217882,-1.0647411,6.439,-0.20365176,1.329299,-0.2781836
6.45,-11.927261,-0.40628392,-1.5463924,6.449,-0.0033822116,1.4198465,-0.23024672
6.46,-13.257061,-0.442146,-2.5562754,6.459,0.17238627,1.5934844,-0.18337514
6.47,-13.913944,-0.46210825,-4.2560797,6.469,0.32471895,1.785232,-0.11945931
6.481,-13.690626,-0.7705442,-5.8019667,6.479,0.56227267,1.8534087,-0.09495825
6.488,-13.195837,-0.80665064,-6.943042,6.487,0.70395267,1.3985412,-0.1024151
6.5,-13.498672,-0.7613449,-8.251581,6.501,0.6272537,0.48028404,-0.04062982
6.508,-13.824545,-0.99461395,-8.821217,6.507,0.5761211,-0.49123627,0.09785444
6.52,-12.728626,-1.5101855,-8.640477,6.519,0.5185969,-1.5117587,0.14792182
6.53,-10.429412,-1.6546019,-7.4249086,6.53,0.45255056,-2.5163023,0.08081023
6.539,-8.346844,-1.29603,-6.4909816,6.541,0.30660945,-3.2257679,0.025416523
6.55,-6.8041735,-0.8823144,-5.287078,6.55,0.13297153,-3.6050017,-0.023585599
6.562,-5.1448545,0.018992638,-3.7287054,6.563,-1.864211E-4,-3.7690523,-0.08324035
6.571,-3.0599518,1.198547,-1.9264342,6.57,-0.05025381,-3.7743785,-0.15248248
6.581,-0.61519146,2.2947545,0.18415624,6.582,0.013662005,-3.5911531,-0.28031412
6.59,1.2951002,3.198789,1.7707007,6.591,0.15853785,-3.1362858,-0.34849098
6.601,3.3145876,3.6609192,2.9578109,6.6,0.25228104,-2.4800835,-0.3218594
6.613,5.691412,2.5654647,4.44575,6.612,0.29808736,-1.6513083,-0.31972885
6.621,6.868392,1.0411332,5.3201747,6.622,0.39502633,-0.6702006,-0.27285728
6.631,6.999214,-0.50634533,5.1389055,6.632,0.5143358,0.3162335,-0.21533304
6.643,6.165476,-1.1655326,4.3200536,6.642,0.5430979,1.0597874,-0.09921931
6.653,5.0456886,-0.9925678,3.0969815,6.651,0.46533373,1.2824274,0.05843969
6.662,4.3851767,-1.2000467,1.8503224,6.662,0.3960916,1.1396822,0.1926629
6.672,4.6408005,-1.4712248,0.6512237,6.671,0.15640731,0.8840189,0.241665
6.681,4.942724,-1.5656868,0.3753211,6.682,-0.05984118,0.6613788,0.25444815
6.691,6.2794743,-1.3913263,2.3721566,6.69,-0.073689595,0.25444818,0.17348814
6.702,7.64699,-0.9169861,4.0522523,6.701,-0.084342234,-0.24409513,0.09572391
6.712,10.005393,0.18661739,5.7910557,6.711,-0.036405385,-0.56687003,-0.006541384
6.722,13.335512,1.5953286,7.3726907,6.723,0.06799045,-0.7863143,-0.12478564
6.734,17.649574,3.2900455,7.512717,6.733,0.20753998,-0.89923227,-0.23663831
6.744,22.02063,4.886095,4.655694,6.743,0.22564946,-0.7309206,-0.20681092
6.753,25.781382,7.9138203,0.6011786,6.752,0.015792532,-0.1460909,0.07441865
6.763,29.624016,4.5442653,-0.13363513,6.762,-0.5892772,0.50691557,0.28960186
6.773,26.80495,-0.32844996,1.4251882,6.772,-0.91950893,1.6403561,0.2331429
6.784,21.131779,-1.3042555,1.2494324,6.785,-1.0334921,2.315733,0.055243902
6.791,16.150728,-1.6795065,0.06783135,6.79,-1.1559973,2.0898972,-0.021455072
6.803,12.7376585,-2.3407922,-0.13052303,6.804,-1.094212,1.5125244,-0.1109372
6.814,10.263931,-2.3506122,-0.8768472,6.813,-1.0100563,0.9010631,-0.20681092
6.823,7.230809,-1.9034445,-2.363876,6.824,-0.9109868,0.45152193,-0.21107197
6.834,4.3916655,-1.8616972,-2.5084114,6.835,-0.7490667,0.06589654,-0.07258771
6.844,2.1853085,-0.812733,-2.9401512,6.843,-0.59460354,-0.07152246,0.12129024
6.857,0.8267355,0.7374844,-2.928694,6.856,-0.46251076,-0.003345593,0.23420817
6.865,0.4587679,1.8643761,-2.5368924,6.864,-0.32296124,0.12981234,0.24805659
6.876,-0.07461071,2.3103337,-2.508386,6.874,-0.2483928,0.29705873,0.2065113
6.885,-1.6018238,2.0981038,-2.408608,6.884,-0.23134859,0.56230927,0.17242289
6.893,-3.4026947,1.295044,-2.3625505,6.892,-0.21217385,1.1396822,0.14579129
6.904,-5.703394,0.6576115,-2.8448536,6.905,-0.06303696,2.280579,0.1575092
6.916,-8.716034,0.37159014,-3.6828322,6.914,0.18943049,3.7783396,0.26723132
6.925,-12.070282,0.11103336,-5.377071,6.924,0.42165792,5.3634524,0.4248903
6.936,-15.477886,-0.3298123,-8.994352,6.935,0.5228579,7.082787,0.53674304
6.946,-17.180693,-1.3992988,-14.222972,6.945,0.41633162,8.639137,0.5111767
6.957,-16.355333,-2.367666,-17.171022,6.956,0.23204103,8.856451,0.40358505
6.966,-17.827576,-0.73696154,-16.314266,6.965,0.15427679,7.0028925,0.4632398
6.975,-19.578053,0.32648823,-16.469368,6.976,0.090360984,3.9114976,0.24592605
6.985,-18.648499,1.5991175,-15.237358,6.984,0.111666255,0.17029236,0.08400602
6.995,-14.958493,1.2379687,-12.291508,6.994,0.012596741,-3.0265636,-0.024650864
7.006,-14.810076,0.3002184,-8.869467,7.005,-0.11097382,-4.7618775,0.0030459876
7.016,-13.804776,-0.13718234,-4.890515,7.015,-0.16956331,-5.654568,0.07228812
7.026,-11.846593,-0.60126954,-1.1701539,7.025,-0.30378652,-6.343794,0.001980724
7.037,-11.082466,-0.8992292,0.83973384,7.036,-0.53281826,-6.6090446,-0.10987194
7.047,-10.252528,-0.23868972,1.9713173,7.046,-0.48701185,-6.029541,0.011568096
7.058,-5.624434,-0.30151466,3.1344137,7.056,-0.3858118,-4.9600167,0.09359339
7.069,-0.28203297,-0.5018504,2.2498574,7.067,-0.24200122,-3.2406816,0.017959677
7.077,2.2181702,-0.29202938,3.187483,7.076,-0.048123278,-1.3945798,-0.08963194
7.086,0.4471178,0.10219847,3.0695317,7.087,-0.03534012,0.3673661,0.010502832
7.097,-3.3365784,-0.32192868,1.5404425,7.096,-0.0822117,1.7554045,0.14685655
7.105,-5.248385,-0.769485,0.37238717,7.105,-0.049188547,2.4190636,0.20970711
7.118,-5.9747744,-1.0680846,-0.7906862,7.117,0.034967273,2.54583,0.18307552
7.126,-6.9785957,-1.156256,-1.9617982,7.127,0.12444942,2.4201288,0.11596392
7.138,-8.762917,-0.8415679,-3.527759,7.137,0.13403678,2.2624698,0.10424603
7.146,-10.545525,-0.52419233,-4.9363546,7.148,0.12444942,2.2145329,0.09998497
7.158,-11.811645,-0.44742277,-6.030033,7.157,0.11699257,2.1932275,0.07122286
7.168,-12.643333,-0.08447516,-6.921132,7.167,0.07438203,2.0195897,0.044591263
7.177,-13.345156,0.31432334,-7.593502,7.178,0.008335687,1.6094633,-0.004410857
7.187,-13.36166,0.9150535,-8.156357,7.186,-0.064102225,0.9766968,-0.06832667
7.198,-12.95905,1.5394945,-8.292026,7.197,-0.13334435,0.11596392,-0.115198255
7.209,-13.002445,2.1177073,-6.400111,7.208,-0.03320959,-0.8161417,-0.15461302
7.219,-11.427965,1.5143548,-5.611766,7.218,0.027510429,-1.4712788,-0.15887406
7.227,-8.881751,1.7944036,-6.246702,7.228,-0.08647276,-1.7546388,-0.11945931
7.239,-5.8812895,2.2783377,-6.168014,7.238,-0.07262433,-1.9889967,-0.13330774
7.249,-3.3547,2.102564,-4.8880377,7.248,-0.009773793,-2.7282896,-0.1492867
7.259,-0.50341225,1.3983998,-4.191761,7.258,-0.21323912,-3.865991,-0.1642004
7.269,2.5407696,1.6066494,-1.2818711,7.268,-0.5370793,-5.1741347,-0.10987194
7.283,9.290304,2.0792599,4.186162,7.284,-0.5551888,-6.082804,-0.28031412
7.287,20.227644,1.9756486,6.044998,7.288,-0.30378652,-5.4788,-0.8193374
7.3,35.361374,1.200893,-0.9928977,7.299,-0.06942855,-3.465452,-1.4062977
7.307,48.682976,2.1406498,0.595871,7.306,0.36306846,-2.2212243,-1.3690134
7.321,54.542923,-2.807537,5.650526,7.319,0.37798214,-0.7660743,-0.8374469
7.33,39.01428,-9.731572,5.197701,7.328,-0.20365176,2.486175,0.14366077
7.339,19.670723,-8.164097,2.8333411,7.34,-0.71710885,5.129094,0.8328863
7.349,11.134392,-3.5532534,4.2251954,7.348,-0.43587917,5.6510735,1.0438083
7.359,5.785123,-1.5482994,4.765246,7.358,0.13190626,5.1834226,1.00972
7.368,-0.5141859,-0.21220551,3.930067,7.369,0.486639,4.570896,0.93834734
7.382,-5.045636,0.28370342,3.4609902,7.381,0.65495056,3.8507776,0.79879785
7.39,-6.7955637,0.4642471,3.6399753,7.389,0.58890426,2.5479603,0.3034503
7.399,-8.281636,0.91874695,3.9243193,7.398,0.53351057,0.892541,-0.18763618
7.41,-8.439903,1.7226408,2.8824062,7.409,0.47705165,-0.8140112,-0.38470995
7.421,-5.223686,2.6126227,1.103688,7.42,0.34495896,-2.3458602,-0.41986364
7.43,-0.5872927,3.0327742,0.019834518,7.431,0.17558205,-3.25453,-0.4912363
7.441,2.7035055,3.330236,0.34150743,7.44,-0.037470646,-3.6646564,-0.46034366
7.45,6.2039824,2.473126,1.3403189,7.451,-0.14293171,-3.5528035,-0.34742573
7.461,9.818113,1.9983639,1.9131484,7.461,-0.083276965,-2.729355,-0.15248248
7.47,14.176607,1.2173862,1.5608209,7.471,0.0637294,-1.6033714,-0.0672614
7.483,16.139242,0.24883133,0.7204771,7.482,0.12231889,-0.5455648,-0.028911918
7.49,14.090731,-0.6734944,-0.2763642,7.489,-0.0012516846,0.42702085,0.08507128
7.502,10.688414,-1.2511688,-0.057575703,7.501,-0.13334435,1.2153158,0.1021155
7.509,7.6639357,-1.0004508,0.29189157,7.51,-0.21643491,1.615855,0.04672179
7.521,4.6043844,-0.47441977,0.20702422,7.52,-0.20684753,1.7916234,0.039264947
7.531,1.9257746,-0.9944324,-0.06930983,7.53,-0.20045595,1.8225161,0.04565653
7.543,-0.8386307,-1.0936484,-0.46981406,7.542,-0.0939296,1.8885624,0.041395474
7.551,-3.3422127,-0.8915916,-0.83420146,7.552,0.054142017,1.8928235,0.0030459876
7.563,-5.2433567,-0.7945907,-1.4386389,7.562,0.18090838,1.8054719,-0.07045719
7.572,-7.1430836,-0.99461067,-2.0248232,7.571,0.32365367,1.7064023,-0.1812446
7.583,-9.300195,-1.2682546,-2.4866543,7.582,0.46213794,1.6307687,-0.2781836
7.589,-11.099815,-1.4445156,-3.4215033,7.59,0.57186,1.563657,-0.3069457
7.603,-11.897677,-1.3015194,-5.0025854,7.602,0.5100748,1.2557958,-0.2494215
7.612,-12.179418,-0.542816,-6.929905,7.611,0.28104314,0.68055356,-0.17059197
7.623,-12.084015,-0.023167625,-7.9634643,7.622,0.13936311,0.17455341,-0.12052458
7.633,-11.742516,0.44342384,-8.240221,7.632,0.08716519,-0.28564042,-0.11945931
7.642,-11.496481,1.0618428,-8.209416,7.643,0.0370978,-0.79483646,-0.107741416
7.66,-10.865906,1.3610877,-7.7129326,7.663,0.07331677,-1.9953884,-0.115198255
7.662,-9.453165,1.3704975,-6.716527,7.661,0.02964096,-1.3743398,-0.10987194
7.673,-7.576539,1.156121,-6.082119,7.672,0.11699257,-2.409776,-0.12691617
7.684,-6.149035,1.0860826,-5.4429426,7.683,0.08290414,-2.6100457,-0.14822143
7.69,-5.052667,1.1489242,-4.7950544,7.691,0.0072704237,-2.6206982,-0.18337514
7.707,-3.7754097,1.188232,-3.6500607,7.706,-0.08114644,-2.5141718,-0.24729092
7.713,-2.4785166,1.3922634,-2.1471224,7.712,-0.22389176,-2.377818,-0.33783835
7.722,-1.375308,1.6576824,-0.43678558,7.722,-0.35704967,-2.1029801,-0.43690786
7.733,-0.5075531,1.5555458,0.97831506,7.732,-0.45292342,-1.6768745,-0.49869314
7.743,0.04559517,0.9627709,2.2078114,7.742,-0.4497276,-1.1314596,-0.49975836
7.754,0.1448574,0.600472,2.6546085,7.753,-0.3890076,-0.5338469,-0.3953626
7.763,-0.031435966,0.5634496,1.9996558,7.762,-0.35278863,0.020090204,-0.21746357
7.773,-0.30253696,0.90173423,1.4198564,7.772,-0.3346792,0.318364,0.028612312
7.784,0.33331203,1.2890499,1.9718747,7.783,-0.281416,0.29599345,0.241665
7.792,1.6403093,1.8222711,2.9454758,7.792,-0.23347913,0.09465866,0.338604
7.805,3.420208,2.1386137,3.7881227,7.803,-0.19832543,-0.10987194,0.3002545
7.813,4.8838387,2.8780594,3.84808,7.814,-0.13121383,-0.10348036,0.2704271
7.824,7.1254168,2.9217315,3.6877656,7.825,-0.060906444,-0.037434023,0.24379553
7.834,9.362017,0.32428238,3.4692428,7.835,-0.18128121,-0.11093721,0.2970587
7.846,11.023662,-2.1841435,2.5888848,7.845,-0.499795,0.061635487,0.38654083
7.854,12.565123,-4.5294585,3.8124888,7.855,-0.5338835,0.261905,0.45578298
7.865,14.419679,-6.4219913,5.936039,7.864,-0.38368127,0.17668395,0.48774087
7.875,15.464004,-6.680243,7.680873,7.874,-0.10032119,0.19479343,0.41317242
7.886,15.5266695,-4.6006823,7.850284,7.885,0.099948354,0.39612824,0.29812396
7.895,15.7251625,-1.6049037,7.5121856,7.894,0.17025575,0.41636825,0.14792182
7.906,16.666714,1.2477947,6.818897,7.905,0.22777998,0.29279765,0.024351258
7.915,18.185852,3.0560822,5.6929293,7.914,0.18729997,0.1926629,-0.04169508
7.926,18.751717,4.7604156,4.689534,7.925,0.11699257,0.34286505,-0.063000344
7.936,18.065968,5.287767,3.4160132,7.937,-0.06303696,0.674162,-0.07791404
7.946,16.39645,4.471734,2.613235,7.947,-0.28248122,1.0480696,-0.20574567
7.956,13.98382,3.1505497,1.8339474,7.955,-0.4827508,1.1023979,-0.37405732
7.966,10.831602,1.8831762,0.9597682,7.965,-0.61271304,0.7785578,-0.44329944
7.977,8.410453,0.9200848,0.26791322,7.976,-0.6510625,0.25338292,-0.43477732
7.987,7.5006714,0.591946,-0.85930234,7.986,-0.6308225,-0.17698355,-0.3921668
7.995,7.138753,0.2662164,-2.0382237,7.994,-0.592473,-0.35914358,-0.32398996
8.006,6.156145,0.050113827,-3.0284247,8.007,-0.52323085,-0.29309726,-0.23663831
8.015,4.2951174,0.27704397,-3.5519605,8.016,-0.44440132,-0.1024151,-0.10454562
8.027,2.48882,0.3268261,-3.7803445,8.026,-0.382616,0.16283551,0.04565653
8.037,0.8550644,-0.26379538,-4.0206585,8.036,-0.33894023,0.48880613,0.1575092
8.048,-1.0570765,-0.7560327,-4.4893484,8.046,-0.3687676,0.836082,0.26616606
8.056,-3.1218166,-1.318957,-4.640996,8.057,-0.35278863,1.3218422,0.30771133
8.068,-5.371273,-2.002866,-4.757573,8.067,-0.15464963,2.1037455,0.30664608
8.078,-8.026958,-2.3918898,-5.2171082,8.077,0.19262628,3.1636827,0.35351765
8.086,-11.108342,-2.4116406,-6.685256,8.087,0.52392316,4.413237,0.44193453
8.096,-15.125461,-2.1016657,-9.787623,8.096,0.6719948,5.9152584,0.62942094
8.106,-18.024063,-1.8150693,-14.725074,8.108,0.46320322,7.4353895,0.8616484
8.118,-18.87714,-0.99507016,-18.414524,8.117,-0.0033822116,7.9648256,1.0576569
8.129,-20.331007,1.4107906,-18.067797,8.128,-0.29739493,6.631116,1.1173116
8.138,-18.816433,3.168562,-16.931273,8.137,-0.21217385,3.630268,0.72742516
8.149,-14.698152,5.1607203,-14.752085,8.148,0.092491515,-0.24089935,0.28960186
8.157,-12.737825,4.541066,-12.28669,8.158,0.14575468,-3.4622562,-0.23770356
8.169,-14.449318,3.0087981,-9.694415,8.168,-0.115234874,-5.3126187,-0.4358426
8.178,-14.458464,1.5950754,-6.1325855,8.178,-0.39113814,-6.252181,-0.47525734
8.187,-13.157077,0.9319788,-2.0280385,8.188,-0.51470876,-6.6580467,-0.5029542
8.197,-11.313081,0.23566785,1.1775839,8.198,-0.90779096,-7.0415416,-0.4933668
8.21,-9.492729,-0.4808109,2.9339883,8.209,-1.3999426,-7.2215714,-0.42412472
8.218,-5.333156,-0.37304935,6.593635,8.219,-1.3147216,-6.335272,-0.31120676
8.23,0.5323992,-0.78870934,7.9151125,8.229,-0.59886456,-4.117393,-0.39749312
8.24,4.335018,-1.261575,8.534145,8.239,0.02111885,-1.5682176,-0.4475605
8.249,3.203745,-1.6720438,5.7655573,8.248,0.08929572,0.65392196,-0.13224247
8.26,-1.0519733,-2.6085072,2.5267158,8.258,-0.019361164,2.1676612,0.282145
8.27,-3.5054626,-2.9879801,0.8874452,8.269,-0.05984118,2.8792574,0.4983935
8.279,-4.762638,-2.9940479,-0.60017693,8.28,0.020053586,3.1477036,0.5655051
8.287,-6.2260265,-2.8755755,-1.833396,8.288,0.1830389,3.1221375,0.5378083
8.299,-8.315396,-2.7587137,-3.154181,8.298,0.2885,2.9208026,0.5196988
8.307,-11.008555,-2.1045425,-4.494275,8.308,0.41526636,2.8057542,0.56763566
8.32,-12.4041605,-2.0658882,-5.961457,8.319,0.3524158,2.797232,0.55804825
8.33,-13.744492,-1.6842456,-7.3369527,8.329,0.110600986,2.7386427,0.4515219
8.341,-15.474705,-0.26340488,-7.5366235,8.34,0.01898832,2.473392,0.38867137
8.35,-14.947191,0.97820604,-8.059679,8.349,0.06159886,1.9024109,0.28427553
8.36,-12.908835,1.890141,-8.645128,8.361,0.10420941,0.9479346,0.07122286
8.371,-12.371245,2.9992647,-8.042854,8.37,0.25121576,-0.22065935,-0.17911407
8.381,-12.895749,3.4240353,-6.604362,8.38,0.59955686,-1.3104239,-0.312272
8.389,-11.342713,1.9229236,-5.5036025,8.388,0.745498,-2.3565128,-0.3016194
8.4,-10.084243,1.6940058,-5.7855453,8.401,0.5026179,-3.1575909,-0.1258509
8.411,-6.9813232,0.55072373,-4.497956,8.412,0.36200318,-3.7541387,-0.16313513
8.424,-4.3861027,0.10499336,-3.3553386,8.422,0.31939262,-4.2878356,-0.13650353
8.432,0.2124157,-0.62176585,-5.4265647,8.43,-0.09179907,-4.9866486,-0.08004456
8.44,7.2004404,-0.65230596,-1.8496096,8.441,-0.6830204,-6.064695,-0.13650353
8.453,19.268225,0.36284822,-2.7451,8.452,-0.96744573,-5.60024,-0.6808532
8.461,39.898117,5.325417,-5.4905963,8.462,-0.08753802,-5.158156,-1.2891186
8.471,61.433533,10.00628,0.24334279,8.47,0.8946349,-5.4404507,-1.141047
8.482,68.482864,8.456623,-0.040351868,8.481,0.24056314,-3.4558647,-0.32931623
8.491,38.291683,-2.6580272,12.268764,8.49,-0.058775917,2.9612825,0.5079809
8.501,16.64282,-7.545943,16.079626,8.5,-0.12162645,6.389301,0.8850842
8.511,10.124212,-2.446211,8.053876,8.51,-0.95679307,5.9376287,1.2217075
8.524,2.6756315,-1.071046,4.946304,8.523,-0.61377823,6.2145977,1.260057
8.533,-2.278514,-1.7798721,2.3306293,8.532,-0.11203908,6.428715,1.0448737
8.541,-5.212719,-2.5860813,0.20517254,8.542,0.079708345,5.654269,0.73168623
8.553,-8.396113,-1.7990136,0.50881886,8.553,0.24269366,3.876344,0.46217453
8.563,-9.603136,-2.029651,1.3791404,8.562,0.54735893,1.5253075,0.13194287
8.572,-9.056066,-3.1728885,1.0938632,8.571,0.9457675,-0.91627645,-0.19189723
8.582,-7.4963636,-3.1106367,-0.46721292,8.581,1.121536,-3.1607869,-0.287771
8.59,-2.9929285,-1.6676167,-2.4995306,8.59,0.9723991,-4.645764,-0.29735836
8.602,1.5408678,-0.69449365,-1.8557312,8.603,0.7220622,-5.1773305,-0.34955627
8.613,5.1962585,-0.3843796,0.6904073,8.613,0.61234003,-4.7853136,-0.2984236
8.622,10.314326,-0.24924994,2.321113,8.623,0.64855903,-3.5474775,-0.1492867
8.633,15.567853,-0.34037986,2.0667224,8.632,0.7561506,-2.0071063,-0.05128245
8.642,16.684135,0.29009572,0.96656495,8.643,0.6634727,-0.47099626,0.06483127
8.654,13.430438,1.005981,0.52387875,8.653,0.48024744,1.0011979,0.10957234
8.663,9.184158,0.49499533,1.1531833,8.664,0.3992874,1.8310381,0.03713442
8.673,5.914837,0.60170114,0.75234926,8.674,0.28423893,1.9322382,-0.019324545
8.685,2.8492355,0.9514319,0.61285865,8.684,0.20327891,1.6723139,-0.10454562
8.692,0.09734249,1.0963452,0.53341913,8.691,0.17771259,1.3079938,-0.20574567
8.705,-2.115056,1.0373844,0.287542,8.704,0.19369154,0.9798926,-0.29096675
8.714,-3.8283386,0.5038047,-0.18548131,8.713,0.20327891,0.7210335,-0.33144677
8.724,-5.1826963,-0.16923721,-0.7422097,8.725,0.22884524,0.5495261,-0.3570131
8.735,-6.2987576,-0.6448783,-1.3323166,8.734,0.26932526,0.4461956,-0.36766574
8.744,-7.2891083,-0.9920355,-2.1017947,8.743,0.29063052,0.379084,-0.36979625
8.755,-8.349147,-1.5132531,-2.7356389,8.754,0.33643687,0.3407345,-0.33251205
8.764,-9.340382,-1.5883316,-3.3307955,8.767,0.37798214,0.2160987,-0.23876883
8.774,-9.752902,-1.5472747,-3.711422,8.775,0.42165792,-0.056608766,-0.12052458
8.785,-9.626721,-1.4047531,-4.0406017,8.784,0.46533373,-0.4411689,-0.013998229
8.793,-9.141847,-1.1692201,-4.2910643,8.793,0.5100748,-0.82999015,0.07228812
8.805,-8.32495,-1.0673044,-4.230939,8.804,0.61766636,-1.0995017,0.13407339
8.815,-7.2720404,-1.0348511,-4.1711664,8.816,0.64642847,-1.4084282,0.17242289
8.825,-6.4922266,-1.0222589,-4.289689,8.825,0.6315148,-1.5916535,0.21503341
8.836,-5.6236,-0.9470212,-3.9553568,8.835,0.63044953,-1.5948492,0.221425
8.845,-4.8237934,-0.810545,-3.361206,8.846,0.6272537,-1.5319988,0.19479342
8.855,-4.1972504,-0.6974279,-2.6885693,8.856,0.6293843,-1.4339944,0.15644392
8.865,-3.6528196,-0.57780445,-2.055828,8.866,0.6091442,-1.3253375,0.12129024
8.879,-3.0903378,-0.32228774,-1.5666863,8.877,0.5612074,-1.2070934,0.09465865
8.885,-2.488761,-0.17411196,-0.78913736,8.885,0.4994222,-1.1069585,0.050982844
8.895,-1.9108353,0.10176558,-0.013674408,8.894,0.40674427,-1.0164112,-0.0033455936
8.905,-1.3902016,0.460949,0.5998177,8.904,0.30767474,-0.8917754,-0.045956135
8.916,-0.59512043,0.9971823,1.186203,8.917,0.20860523,-0.71600693,-0.08537088
8.926,0.26335144,1.6576414,2.0480964,8.927,0.13510205,-0.5711311,-0.14609091
8.937,1.0413065,2.238254,3.3175468,8.936,0.15853785,-0.34209937,-0.18870145
8.946,2.0350685,2.448552,4.515589,8.947,0.22032313,0.014763886,-0.20574567
8.957,2.6393576,3.01748,4.6797533,8.956,0.24056314,0.42489034,-0.063000344
8.966,4.210044,2.7647774,4.0343785,8.967,0.23843262,0.77216613,0.047787055
8.977,5.1800604,2.1576939,2.2840843,8.978,0.16173364,1.0438085,0.10957234
8.987,6.4117613,2.2988102,0.56422913,8.986,0.08609992,1.1279643,0.08613654
8.996,7.940468,2.07176,-0.6193837,8.995,-0.061971705,0.81051564,0.017959677
9.006,9.262041,0.87385017,0.043952554,9.008,-0.1876728,0.26083976,-0.063000344
9.018,10.040607,-0.25905237,2.288303,9.017,-0.18980332,-0.2664657,-0.09176246
9.028,11.474288,-0.72766775,4.989581,9.027,-0.037470646,-0.6733964,-0.07791404
9.037,14.326843,-0.37489972,6.7301564,9.036,0.13829784,-0.88325334,0.005176515
9.048,18.567295,0.7156486,6.3488517,9.047,0.1574726,-0.704289,0.09465865
9.058,22.965462,2.471868,3.9011397,9.057,-0.010839056,-0.0054761204,0.1660313
9.067,25.50531,3.633995,2.7306366,9.068,-0.28461176,0.8531262,0.18201025
9.078,23.926983,2.4708714,3.0754077,9.077,-0.50512135,1.5370255,0.110637605
9.092,18.951902,0.5928709,2.843434,9.093,-0.5999298,1.7831013,-0.0108024385
9.097,14.665051,-0.25651464,1.967494,9.097,-0.60525614,1.4965454,-0.1109372
9.105,11.381346,-1.0220424,1.4545003,9.106,-0.5200351,0.8477999,-0.18337514
9.117,8.777439,-1.6848323,0.800378,9.118,-0.4145739,0.2512524,-0.22172463
9.129,6.363838,-2.095718,-1.277606,9.128,-0.4145739,-0.117328785,-0.17485303
9.139,4.3707657,-2.3024914,-1.898323,9.138,-0.3975297,-0.45075628,-0.018259283
9.148,3.1294804,-1.6853421,-1.5443028,9.149,-0.2515886,-0.61374164,0.1862713
9.159,1.5102987,-0.7040085,-1.6881015,9.158,-0.052384336,-0.53491217,0.4248903
9.169,0.0061626434,-0.103961624,-2.1261764,9.168,0.09888309,-0.2696615,0.68055356
9.179,-0.9156437,-0.35499987,-3.1637967,9.178,0.15534206,0.12874709,0.87336624
9.187,-1.9769888,-0.26593632,-4.1489463,9.188,0.16066837,0.6166377,0.9862842
9.199,-3.1692314,0.00871253,-5.1219196,9.198,0.1947568,1.3591264,0.99693686
9.208,-4.5901384,-0.08312237,-6.07477,9.207,0.32898,2.4446297,0.9404779
9.219,-6.8593373,-0.15563071,-6.9165235,9.218,0.49835688,3.682466,0.8968021
9.229,-10.082511,0.1938824,-8.748416,9.228,0.54203266,4.944803,0.8467347
9.24,-13.652466,0.83407336,-11.2135315,9.239,0.45574635,6.087831,0.79453677
9.248,-15.090697,0.9164422,-13.350928,9.249,0.26612946,6.873996,0.5196988
9.259,-16.633995,2.211041,-14.098808,9.258,0.17238627,6.980522,0.14792182
9.269,-19.909107,4.7294536,-12.749128,9.268,0.29489157,5.920585,-0.123720355
9.279,-20.577517,5.8339534,-12.493491,9.278,0.3545463,3.5503733,-0.4709963
9.287,-18.972208,5.878881,-11.470032,9.288,0.29276106,0.09572392,-0.6552869
9.3,-15.251456,4.1199813,-10.119862,9.3,0.13723257,-2.895536,-0.7873795
9.307,-14.452468,2.0277703,-7.9698787,9.308,-0.021491691,-4.6074142,-0.8811227
9.32,-14.426292,0.9899416,-5.485449,9.319,-0.16743279,-5.4873223,-0.6211984
9.329,-12.81673,-0.20237109,-2.8210855,9.33,-0.20365176,-5.8122272,-0.31866363
9.34,-11.5953045,-1.1063596,-1.0063404,9.339,-0.30591705,-5.96456,0.047787055
9.349,-8.495724,-2.582209,-0.0478971,9.35,-0.6063214,-6.143524,0.3694966
9.36,-5.302742,-2.6696677,1.5544093,9.36,-0.7021951,-5.632198,0.65392196
9.371,-1.1853905,-2.7266333,2.082933,9.37,-0.62123513,-4.074783,0.669901
9.381,1.4587278,-2.8143182,3.0710597,9.382,-0.4902076,-2.1679611,0.49732822
9.39,0.6684494,-2.1850498,4.017427,9.389,-0.42735708,-0.29735833,0.38654083
9.401,-3.0793552,-1.590362,3.4388227,9.4,-0.4412055,1.2259685,0.36630082
9.411,-5.7424397,-1.8064871,2.729897,9.41,-0.41350868,2.0025456,0.33647344
9.422,-7.176861,-1.7258191,1.9868305,9.421,-0.3069823,2.182575,0.2768187
9.432,-8.532811,-1.2499799,0.7532146,9.431,-0.1557149,2.126116,0.21183763
9.442,-10.292934,-0.6155652,-0.39551425,9.441,0.1361673,2.105876,0.15111761
9.452,-11.787021,-0.33650386,-1.4688979,9.451,0.39076528,1.9119983,0.11702919
9.463,-13.176394,-0.027537167,-3.1720245,9.465,0.527119,1.6105286,0.1926629
9.472,-13.854236,0.32999384,-4.4723277,9.471,0.58890426,1.2217075,0.20225026
9.482,-13.649126,0.87672687,-5.185707,9.483,0.5462937,0.5473956,0.13407339
9.49,-12.867208,1.5427636,-5.1414332,9.489,0.49196532,-0.34103414,0.066961795
9.503,-11.015644,1.6070133,-5.077379,9.502,0.4834432,-0.9418428,0.023285996
9.513,-8.739602,1.1184071,-6.0622406,9.512,0.25334632,-1.2198765,0.024351258
9.523,-6.1181374,1.8970287,-7.0916967,9.524,-0.02681801,-1.1825923,-0.045956135
9.532,-3.695139,3.2146692,-7.1543837,9.533,-0.12695277,-1.1133502,-0.1226551
9.544,-0.24734497,2.757151,-7.966865,9.543,-0.3687676,-1.3285334,-0.29629308
9.553,3.56528,2.649348,-8.111476,9.552,-0.6776941,-2.0092368,-0.50934577
9.563,6.9644394,4.224131,-4.1475563,9.562,-0.709652,-3.3610563,-0.6765921
9.574,11.326534,6.1506333,2.9261882,9.573,-0.27076334,-5.01541,-0.95356065
9.585,18.179943,6.609604,10.035627,9.586,0.26080316,-6.06576,-1.4829967
9.591,28.248701,4.3152504,10.99743,9.59,0.20540944,-4.6968966,-1.9719526
9.604,40.698135,0.6164521,3.2817364,9.603,-0.18341173,-1.2102891,-1.949582
9.619,47.3392,-5.082771,2.954325,9.62,-0.06836328,1.2302296,-1.3786008
9.625,37.62963,-9.696105,4.125392,9.624,0.36200318,3.2776659,-0.45714787
9.633,19.40942,-8.971984,-1.5489185,9.634,-0.32615703,4.72749,0.46110928
9.645,11.58883,-7.016301,-1.9125086,9.644,-0.72776145,4.8713,0.78494936
9.654,8.714288,-5.0135136,0.9117298,9.653,-0.556254,4.199119,0.64113885
9.664,2.6831322,-3.2124171,2.1475334,9.665,-0.30378652,3.3841922,0.419564
9.675,-2.8493347,-2.2107182,2.534472,9.674,-0.12162645,2.7013583,0.13726918
9.684,-5.8621664,-1.0094675,2.3698134,9.683,-0.075820126,2.097354,-0.26220465
9.694,-7.0087757,1.5663743,2.3323498,9.693,-0.15145384,1.2941453,-0.6286553
9.704,-6.4640245,4.458266,2.1993532,9.703,-0.3069823,0.08400601,-0.8001627
9.718,-4.314847,6.171076,1.8274028,9.715,-0.48062024,-1.3402512,-0.7745964
9.727,-1.272296,6.5040383,1.579231,9.726,-0.65425825,-2.324555,-0.6765921
9.736,1.6636562,5.662799,1.3161497,9.735,-0.7778289,-2.522694,-0.5849795
9.746,4.1645947,4.2950478,1.4723917,9.745,-0.7884815,-2.1818094,-0.45608258
9.754,6.5144815,2.9701965,1.3273356,9.755,-0.74800146,-1.6331987,-0.29203203
9.769,8.48878,1.514322,0.6023834,9.768,-0.72136986,-1.0899143,-0.17059197
9.774,9.713154,-0.4100373,0.084475875,9.775,-0.7107172,-0.55834794,-0.15248248
9.787,9.56906,-2.2735746,0.0032262206,9.786,-0.7362836,-0.0672614,-0.20254987
9.794,8.123383,-3.6977377,0.06965047,9.793,-0.79167724,0.33647346,-0.23557304
9.804,6.1382294,-4.4304132,0.43264043,9.805,-0.7756983,0.6347472,-0.25581306
9.815,4.2617664,-4.4461927,0.76271665,9.814,-0.7607846,0.77962303,-0.25687835
9.83,2.2033396,-4.4114304,0.85300684,9.831,-0.6840856,0.89360625,-0.23770356
9.836,0.13056469,-4.02623,1.1877134,9.836,-0.48381606,0.9905452,-0.18017934
9.846,-2.2098618,-3.724229,1.0922703,9.845,-0.27928546,1.0320905,-0.0906972
9.855,-4.638691,-3.3854277,0.7715862,9.856,-0.049188547,1.0747011,0.010502832
9.869,-6.5319614,-2.9307597,0.33627605,9.868,0.18516943,1.1322253,0.08826707
9.876,-7.919215,-2.4255695,-0.5684557,9.876,0.37159055,1.2621875,0.12448603
9.887,-9.225453,-2.0769181,-1.7286906,9.885,0.49196532,1.3889538,0.14472602
9.896,-10.32381,-1.5316081,-2.9476168,9.895,0.56866425,1.3676485,0.18840183
9.905,-10.664593,-0.8306928,-4.390159,9.904,0.57186,1.0970716,0.2331429
9.917,-10.517619,0.02770269,-5.9144764,9.916,0.50155264,0.6187683,0.25551343
9.927,-10.067636,0.8847363,-6.834565,9.926,0.43976742,0.049917586,0.22888185
9.938,-9.325099,1.7771584,-7.098481,9.939,0.3758516,-0.6265248,0.112768136
9.947,-8.694155,2.6906023,-7.1228037,9.946,0.26186842,-1.4084282,-0.026781391
9.957,-7.916957,3.1180727,-6.6785417,9.956,0.16919048,-2.0358684,-0.13011195
9.968,-6.6174545,3.0087113,-5.7836127,9.967,0.08929572,-2.4246895,-0.21107197
9.978,-5.3535004,2.6474102,-4.5022774,9.977,0.011531476,-2.6100457,-0.25048673
9.986,-4.2011175,2.3728714,-3.0961332,9.988,-0.054514863,-2.5738266,-0.2494215
9.996,-3.235507,1.9325932,-1.6564629,9.995,-0.07795065,-2.3511865,-0.2281162
10.009,-2.412385,1.3186429,-0.27221835,10.008,-0.06836328,-2.0113676,-0.20681092
10.018,-1.6104994,0.7080379,0.72481525,10.017,-0.07155907,-1.5788703,-0.17378776
10.029,-1.0394459,-0.11064538,1.5750571,10.028,-0.084342234,-1.132525,-0.1375688
10.043,-0.8702936,-0.74701524,2.6309378,10.042,-0.05664539,-0.67126584,-0.10134983
10.049,-0.8263016,-1.2756875,3.0711308,10.048,-0.017230637,-0.23131198,-0.063000344
10.058,-0.83876705,-1.4888082,3.2505383,10.059,0.02111885,0.07335338,-0.033172973
10.07,-0.34651184,-1.2422103,3.0299463,10.069,0.05627254,0.21396817,-0.023585599
10.078,0.32641315,-0.6345788,2.1011815,10.079,0.049880963,0.21396817,-0.009737175
10.088,1.1816368,-0.10598394,0.9978687,10.086,0.039228328,0.12981234,-0.016128756
10.097,2.6390991,0.5999057,0.9663209,10.098,0.04029359,-0.14822143,-0.07365298
10.107,3.4376965,-0.12326917,0.41925308,10.106,-0.07262433,-0.45608258,-0.0108024385
10.119,4.7972364,0.28243688,2.361588,10.118,0.14042836,-0.57006586,0.0030459876
10.129,6.7983704,0.33908555,3.567988,10.129,0.16599469,-0.66913533,0.052048106
10.143,8.213762,-0.21373391,4.5565825,10.142,0.120188355,-0.5743269,0.17987972
10.15,11.240682,-0.24271841,6.1672835,10.149,0.04029359,-0.4528868,0.2278166
10.16,14.558919,0.7669019,7.1710625,10.158,-0.10777803,-0.35168675,0.22568604
10.17,18.605024,2.2231781,7.2539625,10.17,-0.15678015,-0.17911407,0.13194287
10.18,22.631968,3.9223871,5.4893107,10.178,-0.12801804,0.07548391,0.0094375685
10.189,25.328077,5.280363,2.2465608,10.193,-0.17808542,0.4461956,-0.018259283
10.198,25.48026,5.079109,0.6521882,10.197,-0.27289388,0.9298252,0.050982844
10.209,22.406925,2.4407933,1.4288539,10.208,-0.42735708,1.4070634,0.096789174
10.22,18.053244,0.7777363,1.9365146,10.219,-0.5338835,1.7841666,0.09572391
10.23,14.663143,0.2669185,1.6415734,10.232,-0.5370793,1.8693876,0.077614434
10.24,12.0820465,-0.44583,1.0671909,10.239,-0.47316343,1.6254424,0.041395474
10.254,9.807111,-1.0100592,0.6467367,10.253,-0.36450654,1.1354212,-0.009737175
10.26,7.7459173,-1.2032888,0.019331932,10.259,-0.26011074,0.5761577,-0.07152245
10.271,6.134405,-1.1832709,-0.68312085,10.27,-0.17169383,0.078679696,-0.10028457
10.281,5.4584475,-1.4204128,-1.4117413,10.279,-0.07155907,-0.20041934,-0.096023515
10.289,4.891039,-1.4712708,-2.1120822,10.29,0.039228328,-0.25474778,-0.117328785
10.301,3.6867485,-1.0348741,-2.1752255,10.3,0.13936311,-0.19509302,-0.12478564
10.309,1.7668457,-0.85770935,-2.3762527,10.31,0.20540944,-0.022520337,-0.053412978
10.321,-0.3235922,-1.0709934,-2.4698634,10.32,0.20327891,0.17668395,0.10424603
10.33,-2.2496824,-1.3794326,-2.6682096,10.331,0.12338415,0.3876061,0.3236903
10.341,-4.0597544,-1.2844465,-3.008883,10.34,0.048815697,0.71570724,0.5378083
10.352,-5.8095956,-1.0022715,-3.0742092,10.351,0.091426246,1.2973411,0.6880104
10.365,-7.8463106,-0.823424,-3.2768993,10.364,0.2970221,2.3018847,0.7977326
10.372,-10.554653,-0.47929776,-4.5504265,10.371,0.6112748,3.8188198,0.8989326
10.382,-13.7230625,-0.13969183,-7.797188,10.381,0.85522014,5.708597,1.0203726
10.391,-16.263666,0.09455446,-12.641084,10.39,0.7987612,7.425802,1.1375517
10.402,-16.081295,0.16425669,-16.730669,10.401,0.46213794,8.102244,1.0502
10.414,-16.474663,2.1924946,-16.903267,10.413,0.19688734,7.104093,0.91810733
10.423,-18.059753,4.80042,-16.536972,10.422,0.03177148,4.62629,0.45897874
10.433,-16.958912,6.043743,-15.03484,10.432,-0.045992754,0.9820231,-0.2835099
10.443,-14.838725,5.8678656,-11.662596,10.442,-0.0822117,-2.5759573,-0.81081533
10.453,-14.642796,3.5099409,-8.672449,10.452,-0.26863283,-4.735246,-1.0217375
10.465,-14.862414,1.9108061,-5.1384683,10.464,-0.35598445,-5.6737432,-0.9045585
10.472,-14.155525,1.3348138,-1.4253917,10.473,-0.19832543,-5.8708167,-0.60735
10.482,-11.545945,-0.788821,0.93938255,10.483,-0.19299911,-5.8612294,-0.5317163
10.492,-9.216402,-2.3934534,1.5979252,10.491,-0.43481395,-5.9464507,-0.34636045
10.504,-6.7164927,-2.771072,2.8482678,10.503,-0.342136,-5.405297,0.112768136
10.514,-2.0650253,-3.509663,2.3077989,10.513,-0.01510011,-3.7626605,0.32688606
10.523,1.7450504,-3.963909,2.4232917,10.524,0.17877786,-1.9144282,0.29812396
10.533,1.2452393,-3.143378,3.167641,10.534,0.18197365,-0.24302988,0.27468815
10.543,-2.165206,-2.5850482,2.1867356,10.544,0.111666255,1.1545959,0.29066712
10.555,-4.6214447,-2.6687984,1.434608,10.554,0.10527467,1.9119983,0.25018713
10.564,-6.1936913,-2.6847289,0.7171701,10.563,0.18729997,2.0877664,0.12661654
10.574,-7.8563247,-2.1379719,-0.21287453,10.573,0.32365367,1.9791098,0.09998497
10.584,-8.697575,-1.4518834,-1.9848443,10.583,0.3257842,1.9620656,0.070157595
10.593,-10.030409,-0.5224825,-2.5263014,10.592,0.22458418,1.8757793,-0.09495825
10.604,-12.249148,0.6277058,-2.9804893,10.603,0.35667685,1.785232,-0.08750141
10.614,-12.633656,1.2104236,-3.8756227,10.614,0.5164663,1.5966803,-0.074718244
10.625,-12.555095,1.4639053,-4.740321,10.624,0.5782516,1.1961411,-0.14182985
10.636,-13.1181555,1.9843122,-5.4060926,10.634,0.5984916,0.7146419,-0.17485303
10.645,-12.955923,1.7960982,-6.1650777,10.644,0.5633379,0.19372815,-0.1759183
10.656,-12.385914,1.1215773,-5.677196,10.655,0.5612074,-0.28777096,-0.15567829
10.664,-10.039167,-0.28756195,-6.7548265,10.665,0.40887478,-0.5444995,-0.06406561
10.681,-7.247817,0.13025123,-7.7038717,10.683,0.17558205,-0.73624694,0.019024942
10.686,-4.1209736,1.0093671,-8.196161,10.685,0.17025575,-1.0409123,0.035003893
10.695,-0.6995592,0.84383065,-6.831683,10.694,0.11486204,-2.0486517,-0.09389299
10.705,2.4415617,0.87866163,-3.8543396,10.704,0.013662005,-3.3301637,-0.2579436
10.715,5.7275534,2.1620777,-1.0220228,10.717,0.032836746,-4.121654,-0.3634047
10.726,11.651091,3.534838,0.7997309,10.725,0.32258844,-4.3698606,-0.5721963
10.735,19.956802,3.8591914,2.547155,10.736,0.5249885,-4.4167323,-0.882188
10.746,28.664577,2.1604564,3.085289,10.745,0.2650642,-3.574109,-1.0313249
10.756,35.936752,-0.8700297,-0.015460104,10.755,-0.0182959,-1.5011061,-0.7479648
10.766,37.2917,-1.7875662,3.1600378,10.767,0.40674427,0.27575344,-0.18763618
10.776,30.10247,-2.4914048,5.916265,10.775,0.64429796,1.5902886,0.23740396
10.787,18.389687,-2.803999,4.395621,10.788,0.19901787,2.6523564,0.795602
10.795,11.660891,-3.579941,2.2461941,10.794,-0.24519703,3.5066977,1.045939
10.807,8.31666,-2.6069956,3.9899619,10.806,-0.043862227,3.7325335,0.75405675
10.817,3.5782728,-0.4474715,4.0853024,10.816,0.17345153,3.3202765,0.48774087
10.827,-0.6637182,0.248843,4.0217786,10.826,0.45468113,2.8366468,0.201185
10.837,-3.2000751,0.019056663,3.8591433,10.838,0.66134214,2.0345035,-0.10348036
10.846,-4.062372,0.73034275,3.0643005,10.847,0.59955686,0.5900061,-0.28137937
10.858,-2.314722,1.5306268,2.1122684,10.857,0.3524158,-1.0462385,-0.388971
10.866,0.7396393,1.9842219,2.4521947,10.866,0.19369154,-2.0433254,-0.469931
10.878,3.0963888,2.3844075,3.4010954,10.877,0.11379678,-2.1743526,-0.47419208
10.886,5.0575476,3.0666173,3.2595425,10.887,0.05520728,-1.6853967,-0.40601522
10.897,6.6137543,3.41053,2.751295,10.896,0.050946224,-1.0611522,-0.26220465
10.906,7.4979563,3.2433312,1.6264472,10.905,0.046685174,-0.64783007,-0.08324035
10.917,7.5456877,2.7748852,0.38854063,10.918,0.059468336,-0.41666782,0.070157595
10.928,7.1440105,2.1385293,-0.45056957,10.929,0.02964096,-0.33357728,0.15857446
10.937,6.507221,1.5256102,-1.0168566,10.938,-0.12162645,-0.28457513,0.1777492
10.948,5.9230366,0.6947882,-0.42768538,10.949,-0.23667492,-0.13011195,0.12874708
10.96,4.952819,-0.25223386,0.15385771,10.958,-0.29846022,0.02754705,0.06163548
10.968,3.5067701,-0.89220905,0.49112296,10.967,-0.3101781,0.15111762,0.024351258
10.978,2.053913,-1.3620678,0.7244886,10.977,-0.29739493,0.20970711,-0.0076066465
10.989,0.41913414,-1.4755683,0.7460458,10.988,-0.26437178,0.25551346,-0.004410857
10.999,-1.1966553,-1.5744293,0.6102289,11.0,-0.21110858,0.3354082,0.007307042
11.008,-2.8838968,-1.6246378,0.33569574,11.007,-0.14825805,0.46217456,0.020090204
11.019,-4.5366163,-1.530768,-0.050727487,11.018,-0.084342234,0.61557245,0.019024942
11.029,-5.994236,-1.3830196,-0.53691906,11.028,-0.031079063,0.75831777,0.020090204
11.038,-7.2857842,-1.2146872,-1.4155791,11.039,0.0040746327,0.89999783,0.03606916
11.049,-8.569168,-0.8401909,-2.429832,11.048,0.026445165,1.0033284,0.07122286
11.06,-9.54366,-0.35124058,-3.3628411,11.059,0.04242412,1.0001327,0.11170287
11.069,-10.108792,0.16162649,-4.132652,11.07,0.05520728,0.8126462,0.1276818
11.08,-10.299761,0.5884467,-4.7887278,11.079,0.070120975,0.4206293,0.10850708
11.088,-10.233697,0.9976758,-5.3428116,11.087,0.08290414,-0.1375688,0.068027064
11.1,-9.95743,1.3515564,-5.693459,11.098,0.08609992,-0.77140063,0.02222073
11.109,-9.414979,1.5280883,-5.8461037,11.108,0.059468336,-1.3743398,-0.024650864
11.119,-8.467623,1.4064571,-5.7040825,11.12,0.0030093696,-1.8217504,-0.07045719
11.129,-7.3507032,1.0783192,-5.1563463,11.129,-0.07049381,-2.045456,-0.105610885
11.139,-6.2856035,0.7771623,-4.3496804,11.14,-0.1610412,-2.04226,-0.115198255
11.149,-5.097888,0.6265655,-3.3245661,11.148,-0.27395913,-1.8185546,-0.115198255
11.161,-3.8847542,0.31012988,-2.0240111,11.16,-0.35491917,-1.4446472,-0.1226551
11.171,-3.075613,0.29727805,-0.9637518,11.17,-0.45185816,-1.0547607,-0.12052458
11.18,-2.1023626,0.11504015,0.24226034,11.181,-0.46144554,-0.6382427,-0.15780881
11.188,-1.3271885,-0.07542151,1.8064909,11.189,-0.36344126,-0.2696615,-0.21959409
11.201,-0.94156265,-0.09982678,2.9422088,11.2,-0.26224124,0.058439694,-0.24302988
11.213,-0.74200726,-0.11604911,3.0263531,11.212,-0.21963069,0.3705619,-0.21213725
11.221,-0.56563663,-0.1353004,2.869799,11.222,-0.22602229,0.63261664,-0.1492867
11.23,-0.09469414,-0.24148932,2.88912,11.231,-0.23880544,0.734882,-0.07152245
11.241,0.53364277,-0.3877791,3.3009405,11.242,-0.1173654,0.78175354,0.044591263
11.251,1.7387629,-0.77369857,4.0700793,11.25,0.009400951,0.52822083,0.10744182
11.262,3.2285366,-1.1868471,4.078525,11.261,0.13723257,0.09785444,0.19159763
11.271,5.3660154,-1.4627601,3.402472,11.27,0.18729997,-0.2984236,0.28960186
11.281,7.566576,-0.9785863,3.4378755,11.282,0.28210843,-0.61374164,0.3343429
11.289,10.378362,-0.6519119,3.6784568,11.29,-0.08114644,-0.99936706,0.33540818
11.302,12.921201,0.19332552,5.590894,11.3,-0.16636753,-0.7756617,0.2448608
11.311,17.196785,0.69066465,7.0758414,11.31,-0.06516749,-0.28457513,-0.0012150665
11.323,20.005386,1.2626315,5.2959886,11.321,-0.07688539,0.17774922,-0.107741416
11.331,22.286512,1.6119776,2.2390184,11.332,-0.13547489,0.72742516,-0.1024151
11.344,23.047787,1.0275266,0.6151155,11.342,-0.15464963,1.3783013,-0.1258509
11.352,21.112364,-0.5396476,1.1094496,11.353,-0.21643491,1.903476,-0.2579436
11.363,17.115086,-1.2623155,1.814278,11.362,-0.34000546,2.0579393,-0.42518994
11.373,12.43399,-0.8702779,2.307713,11.372,-0.42842233,1.676575,-0.5189331
11.383,8.937712,-0.8141937,2.5672913,11.382,-0.45505393,0.8339515,-0.5455647
11.392,6.5020475,-0.6763128,2.3939576,11.391,-0.46890235,-0.1375688,-0.4912363
11.403,5.2894535,0.007013023,1.897294,11.402,-0.5093824,-0.9620828,-0.39429733
11.413,5.485117,1.4202087,1.0993963,11.412,-0.5690372,-1.4691483,-0.33144677
11.423,6.403511,3.0416932,0.16552103,11.422,-0.6681067,-1.7237462,-0.31120676
11.433,7.1279373,4.1857486,-0.1123904,11.432,-0.7874162,-1.8473167,-0.26753095
11.444,7.4556026,4.757692,-0.72165424,11.442,-0.8598541,-1.6672871,-0.16846144
11.454,7.44473,4.9287367,-1.7924943,11.453,-0.86624575,-1.3168155,-0.031042445
11.464,7.1985617,4.6006618,-2.4203067,11.463,-0.8268309,-0.9919102,0.1021155
11.474,6.606289,3.597599,-3.0862734,11.473,-0.810852,-0.58497953,0.1926629
11.483,5.384083,2.1133406,-4.12149,11.484,-0.88755095,0.031808104,0.25444815
11.492,3.5361824,0.31177884,-4.560475,11.491,-1.021774,0.75512195,0.2768187
11.504,1.2513266,-1.1666932,-4.4877243,11.505,-1.1528015,1.4443475,0.29812396
11.513,-1.5109348,-2.0664628,-4.342614,11.513,-1.2689153,2.0792444,0.3503219
11.529,-4.84011,-2.3989875,-3.9883366,11.528,-1.2742416,2.7194679,0.4110419
11.534,-9.089052,-2.112127,-2.537702,11.533,-1.0430794,3.3820617,0.4248903
11.544,-14.230182,-1.4126115,-1.5234947,11.545,-0.61697406,4.2150984,0.38973662
11.553,-19.364803,-0.5474958,-4.5462346,11.554,-0.2515886,5.799145,0.3471261
11.565,-24.424313,-0.1361442,-12.327274,11.564,-0.3250918,8.0692215,0.36630082
11.573,-29.630112,0.36035925,-17.702438,11.574,-0.72776145,9.522241,0.1862713
11.585,-27.099466,1.0842814,-20.345137,11.584,-0.84813625,8.090527,-0.22598568
11.594,-14.205294,3.7295527,-17.129095,11.593,-0.5189698,2.9325206,-0.41027626
11.605,-7.7607937,4.2386684,-17.104332,11.606,-0.42522657,-2.3107064,-0.65741736
11.616,-14.29666,3.769289,-15.583776,11.615,-0.56371087,-5.071869,-0.78844476
11.626,-15.949356,1.6086487,-9.293575,11.627,-0.59034246,-6.5003877,-0.6947016
11.636,-15.66956,0.03180498,-5.067939,11.635,-0.4561192,-7.203461,-0.40388468
11.646,-13.774106,-2.9700031,0.2957487,11.647,-0.33041808,-8.117457,-0.1290467
11.655,-11.292234,-5.5085964,3.4964998,11.654,-0.37622443,-8.887643,0.15857446
11.666,-7.9777374,-7.8604646,5.4056478,11.665,-0.37622443,-8.724658,0.4046503
11.675,-0.24559212,-9.151279,6.8200183,11.674,-0.22708754,-6.8434024,0.41423768
11.686,6.958357,-8.885154,5.402166,11.687,0.20434417,-3.4420164,0.28107977
11.695,8.30716,-6.314101,5.5051804,11.694,0.38863477,-0.6755269,0.22994712
11.705,3.1186962,-2.625237,4.2573757,11.706,0.20008312,1.0523305,0.31090713
11.717,-1.1076431,-1.98549,3.5984318,11.716,0.07544729,2.0078719,0.3322124
11.727,-3.1768875,-2.6983662,3.4285603,11.726,0.09675257,2.3604739,0.31090713
11.74,-5.642992,-1.5958071,2.3418198,11.741,0.070120975,2.3913667,0.338604
11.747,-7.879758,-0.3382574,1.4486471,11.746,0.04242412,2.2891014,0.3343429
11.757,-10.03639,1.0014619,0.75309134,11.756,0.07544729,2.186836,0.30771133
11.768,-11.781643,2.0435054,-0.25133902,11.767,0.17345153,2.1857708,0.26083973
11.776,-13.219202,3.0726423,-1.6202095,11.777,0.22991051,2.186836,0.21290289
11.786,-13.936567,3.9502654,-3.4124274,11.786,0.17877786,2.0600696,0.17987972
11.797,-14.4176,4.4642,-4.8810344,11.796,0.0637294,1.7692529,0.14792182
11.807,-14.30525,4.6141834,-6.214723,11.808,0.07438203,1.4496738,0.089332335
11.817,-12.921904,4.084166,-7.815475,11.816,0.047750436,1.0491347,-0.0033455936
11.828,-10.175385,3.0693123,-10.509395,11.827,-0.105647504,0.5303514,-0.066196136
11.837,-6.884509,2.3977697,-12.05161,11.836,-0.27395913,-0.16420038,-0.15674354
11.849,-4.047969,1.476182,-13.387492,11.847,-0.48914236,-1.0664786,-0.25048673
11.857,-0.5438328,-0.05802025,-13.270447,11.858,-0.8460057,-2.401254,-0.43903837
11.868,1.554986,-0.39534706,-8.658014,11.867,-1.0761025,-4.3123364,-0.59350157
11.877,4.3142176,0.483743,-0.48398083,11.878,-0.8726373,-6.3576427,-0.7948364
11.887,14.923575,1.6341411,6.04987,11.886,-0.5285572,-8.171786,-1.488323
11.897,33.86535,2.4103055,10.43377,11.896,-0.058775917,-8.885512,-2.620698
11.908,59.084595,5.8676853,4.965806,11.907,-0.14612752,-6.3597727,-2.9690392
11.919,69.39593,3.3370872,-0.42277753,11.918,-0.41883495,-0.59669745,-1.7141588
11.929,50.81286,-10.895065,6.1902304,11.928,-0.06729802,6.5938315,0.20970711
11.938,22.008907,-8.267068,5.2570095,11.939,-0.34320128,9.181356,1.223838
11.954,12.54842,-8.771333,5.6059246,11.953,-0.891812,7.6548343,1.5807012
11.958,3.2753477,-5.322959,3.4640088,11.959,-0.054514863,7.1871834,1.9322382
11.968,-2.564351,-3.9187703,2.5516613,11.968,0.6869085,6.548025,1.829973
11.978,-7.3750687,-4.2749248,1.2585398,11.977,0.90848327,5.3485384,1.462457
11.987,-11.241305,-2.9297526,0.26448226,11.986,1.0490981,3.9562387,1.0161116
11.998,-11.963642,-1.3980951,0.13424253,12.0,1.1609508,2.1527476,0.47708824
12.01,-10.12216,0.57970124,-0.8270216,12.009,1.1886477,-0.05128245,0.043526
12.02,-6.119849,2.9109035,-1.5148618,12.018,1.1385803,-2.5056496,-0.17059197
12.03,-1.8788509,3.7539563,-1.1046133,12.029,0.89356965,-4.450821,-0.409211
12.04,-0.14841175,4.954913,-0.31553328,12.039,0.51220524,-5.1198063,-0.5839142
12.049,1.9182367,5.516469,0.9394342,12.05,0.3556116,-4.4007535,-0.5679352
12.061,4.7864275,4.9786167,1.6070274,12.06,0.3545463,-3.0159109,-0.271792
12.07,7.4153347,3.200874,0.88132614,12.069,0.39076528,-1.6374598,0.055243902
12.08,7.627989,1.2760824,0.18606979,12.079,0.5090095,-0.26753092,0.3343429
12.089,6.109638,-0.7555332,-0.8039534,12.088,0.57292527,0.91597676,0.5037198
12.099,3.7322035,-1.3801126,-1.6381665,12.1,0.47705165,1.5934844,0.5814841
12.109,1.8366089,-1.51496,-2.5735414,12.108,0.26719472,1.9258467,0.6038546
12.121,0.3789339,-1.854396,-2.4709167,12.12,0.081838876,2.016394,0.5250251
12.131,-1.3053436,-2.0118473,-2.0080638,12.132,0.06799045,2.000415,0.37695345
12.14,-3.072075,-2.0664678,-1.4582249,12.141,0.07331677,1.7511433,0.23207764
12.15,-4.916583,-2.0578096,-1.1641438,12.151,0.07864308,1.3751054,0.15963973
12.161,-6.1767163,-1.7112316,-1.0606612,12.16,0.17558205,1.1545959,0.12129024
12.171,-7.042023,-1.0487128,-1.3058692,12.17,0.39183056,1.0757663,0.096789174
12.181,-7.124187,-0.15834779,-2.0464804,12.182,0.36519897,0.9436736,0.089332335
12.191,-7.8125257,1.0829101,-3.1927,12.19,0.15640731,0.93089044,0.13620391
12.2,-7.745983,1.9284551,-2.9295409,12.201,0.22032313,0.96284837,0.11596392
12.212,-7.4953165,2.5552902,-3.1664853,12.211,0.21393155,0.73701245,0.066961795
12.222,-7.356276,2.5859852,-3.268957,12.221,0.09781783,0.2597745,0.030742839
12.232,-6.4140377,2.5418193,-2.9029598,12.231,-0.010839056,-0.31440255,-0.0108024385
