0.997,-6.8576,1.0313,7.1322,0.99,-0.57978,1.0296,-0.59299
1.007,-10.202,0.84689,7.8255,1,-0.08681,1.2544,-0.88681
1.017,-13.345,0.8935,6.8474,1.01,0.53077,1.6026,-1.1092
1.027,-15.701,1.0393,3.2714,1.02,1.0182,1.8732,-1.2179
1.037,-16.914,0.71067,-0.59438,1.03,1.1884,2.2312,-1.2176
1.047,-17.37,0.1425,-3.2097,1.04,1.1143,2.548,-1.0632
1.057,-16.576,-1.0649,-8.2775,1.05,1.0162,2.6901,-0.92531
1.067,-15.927,-1.8559,-12.339,1.06,0.77384,2.4865,-0.67882
1.077,-14.53,-2.1384,-15.033,1.07,0.11115,1.1833,-0.098621
1.087,-11.987,-2.185,-14.732,1.08,-0.35131,-0.079113,0.21336
1.097,-9.6338,-1.5796,-14.108,1.09,-0.55713,-0.88887,0.35221
1.107,-5.3916,-1.8919,-7.4706,1.1,-0.73397,-1.3078,0.35623
1.117,-2.9586,-2.6279,-3.7138,1.11,-0.25505,-1.7812,0.42385
1.127,0.52457,-2.4592,-2.7311,1.12,0.085802,-1.9585,0.55425
1.137,8.5815,0.1356,1.11,1.13,0.46236,-2.1994,0.76558
1.147,14.552,1.9034,-0.78064,1.14,0.86107,-2.1767,0.9243
1.157,22.008,0.68767,-0.42192,1.15,1.0347,-1.9448,0.84171
1.167,26.841,0.21707,-4.3666,1.16,0.90675,-1.2463,0.42506
1.177,28.942,2.8616,-10.045,1.17,0.49325,-0.336,-0.03397
1.187,24.253,3.9341,-1.9838,1.18,-0.27251,-0.81765,-0.71027
1.197,19.274,3.6208,3.1944,1.19,-0.6471,-1.3845,-1.0625
1.207,15.01,2.8523,1.3139,1.2,-0.67934,-1.0175,-1.0585
1.217,10.623,1.8187,3.2553,1.21,-0.79491,-0.29043,-0.95704
1.227,5.8642,0.73352,5.3357,1.22,-0.99858,0.49494,-0.8412
1.237,4.1699,0.62238,2.5382,1.23,-1.1519,1.3762,-0.65832
1.247,3.0929,0.54569,1.7842,1.24,-1.5816,1.8311,-0.45004
1.257,2.123,-0.22015,0.93621,1.25,-1.6409,1.668,-0.39873
1.267,1.7516,-0.77185,0.76488,1.26,-1.5162,1.3179,-0.36758
1.277,1.6444,-0.77575,0.14943,1.27,-1.245,1.0015,-0.33092
1.287,1.3944,-0.37647,-0.0087472,1.28,-0.95851,0.73578,-0.28267
1.297,0.37717,-0.13149,1.3385,1.29,-0.74532,0.57207,-0.20509
1.307,-1.4752,-0.073042,2.961,1.3,-0.61093,0.67958,-0.098184
1.317,-4.3368,-0.021235,3.9936,1.31,-0.57428,1.0137,0.025821
1.327,-7.6426,0.035076,4.3619,1.32,-0.68546,1.4554,0.16754
1.337,-11.229,-0.3215,5.0846,1.33,-0.89995,1.8789,0.31925
1.347,-14.388,-0.96249,5.1337,1.34,-1.116,2.3535,0.49847
1.357,-16.803,-1.7572,5.2741,1.35,-1.2867,2.7807,0.75792
1.367,-18.351,-2.1613,5.1457,1.36,-1.201,2.9484,0.90104
1.377,-17.705,-1.1361,1.542,1.37,-1.0997,3.0462,0.92003
1.387,-15.551,0.46588,-1.8377,1.38,-0.88582,2.7119,0.79734
1.397,-12.851,1.5938,-3.9933,1.39,-0.60261,2.3169,0.67416
1.407,-10.311,2.1575,-4.8511,1.4,0.08549,1.5676,0.40706
1.417,-10.215,0.86064,-8.2676,1.41,0.85066,0.8438,0.032085
1.427,-10.472,0.12213,-9.6222,1.42,1.3648,-0.089642,-0.28149
1.437,-10.314,0.37254,-8.8474,1.43,1.4722,-0.78908,-0.4103
1.447,-9.6343,1.5231,-5.4481,1.44,1.0391,-1.4399,-0.40257
1.457,-8.4603,2.485,-1.7902,1.45,0.39143,-1.7146,-0.32758
1.467,-7.6885,3.8261,-0.33007,1.46,-0.30795,-1.3637,-0.24706
1.477,-6.8739,5.7093,-5.0684,1.47,-0.59273,-0.65294,-0.22028
1.487,-4.0337,7.5275,-13.907,1.48,-0.79124,0.08061,-0.21806
1.497,0.19307,7.7466,-19.986,1.49,-1.4154,0.7476,-0.35441
1.507,4.6522,2.2663,-17.126,1.5,-2.1749,0.0067345,-0.83242
1.517,3.9235,-8.521,-10.185,1.51,-2.5878,-2.1499,-1.7249
1.527,5.1425,-19.955,-5.8927,1.52,-2.7258,-2.9982,-1.7416
1.537,24.814,-22.189,24.962,1.53,-2.3774,-4.1758,-1.0844
1.547,30.207,-9.6411,28.273,1.54,-0.53659,-1.6141,-0.15562
1.557,29.81,-1.9857,7.1599,1.55,1.9665,-0.40188,0.56174
1.567,27.409,0.88994,2.2249,1.56,3.1811,-1.6117,1.0209
1.577,24.441,2.5817,3.1592,1.57,3.0139,-1.6255,1.1278
1.587,19.488,1.1864,0.7757,1.58,2.3565,-0.92993,0.80371
1.597,14.401,0.68201,3.5973,1.59,1.8445,-0.71428,0.53191
1.607,8.8032,0.019853,2.3662,1.6,1.5308,-0.21523,0.40425
1.617,4.5411,-0.059087,-0.0018002,1.61,1.1922,0.049508,0.45487
1.627,0.61522,0.37658,2.0617,1.62,0.85769,-0.14451,0.61602
1.637,-1.0606,1.3712,4.0114,1.63,0.73684,-0.053731,0.89972
1.647,0.94116,3.1302,3.4132,1.64,0.5759,0.35599,1.0819
1.657,3.1542,4.7054,3.1176,1.65,0.54022,0.39622,0.97877
1.667,4.195,4.8948,3.882,1.66,0.57994,0.42598,0.62963
1.677,3.7927,4.2199,3.8511,1.67,0.60927,0.73139,0.16092
1.687,2.5548,3.3283,2.7076,1.68,0.51565,1.2327,-0.38374
1.697,-1.64,0.84281,2.0685,1.69,0.40607,1.6901,-0.85933
1.707,-6.6729,-1.6252,2.4168,1.7,0.27057,1.8637,-1.1043
1.717,-11.129,-2.6097,2.5458,1.71,0.47731,2.405,-1.4153
1.727,-14.52,-2.6036,1.4125,1.72,0.80243,2.7685,-1.4267
1.737,-17.215,-1.843,0.14292,1.73,1.1484,3.0687,-1.1733
1.747,-17.991,0.025397,-2.7938,1.74,1.3793,3.3912,-0.82817
1.757,-19.365,1.7614,-6.0832,1.75,1.4391,3.7137,-0.44088
1.767,-20.392,3.1106,-10,1.76,1.149,3.9117,-0.076193
1.777,-19.789,3.6766,-14.1,1.77,0.71706,4.0079,0.31578
1.787,-18.15,2.907,-15.17,1.78,-0.33308,2.4201,0.52579
1.797,-15.283,0.98817,-12.873,1.79,-0.68709,0.42222,0.52203
1.807,-13.143,-1.1076,-7.5445,1.8,-0.5532,-1.6392,0.29732
1.817,-11.677,-2.4615,-2.9662,1.81,-0.23638,-3.0834,0.11485
1.827,-9.8274,-3.5964,0.62318,1.82,-0.033858,-3.6961,0.016056
1.837,-7.809,-4.3955,2.5,1.83,-0.037567,-3.8439,-0.025488
1.847,-4.7751,-3.7735,2.9362,1.84,-0.34035,-3.8743,0.011972
1.857,0.8857,-1.9304,3.6804,1.85,-0.96001,-3.3475,0.1829
1.867,5.0589,-1.4631,7.5528,1.86,-1.295,-2.6161,0.27313
1.877,3.6049,-2.3046,2.7088,1.87,-0.73083,-1.6452,0.23287
1.887,4.51,-2.5327,-4.3804,1.88,0.0013956,-1.0083,0.44283
1.897,7.5405,-3.1877,-5.5397,1.89,0.6064,-1.3181,0.96524
1.907,19.583,0.018978,-15.307,1.9,1.4242,-1.8816,1.6527
1.917,30.148,4.1679,-10.04,1.91,1.5039,-2.8661,2.0685
1.927,30.697,9.3273,-1.7242,1.92,-0.41872,-1.0077,0.83163
1.937,30.762,5.7571,16.687,1.93,-1.2868,-1.7863,-0.27598
1.947,22.998,0.89722,20.549,1.94,-0.39896,-1.2911,-0.54106
1.957,18.821,0.70988,12.098,1.95,-0.22661,-0.44638,-0.72256
1.967,9.2698,0.42998,5.0189,1.96,-0.42075,0.28825,-0.98777
1.977,7.1955,0.094535,4.0413,1.97,-0.76573,0.77056,-1.1422
1.987,2.762,-0.017162,3.5878,1.98,-1.4597,1.45,-0.95862
1.997,1.6932,0.13672,4.6191,1.99,-1.7651,1.414,-0.77214
2.007,1.5115,-0.20164,5.6201,2,-1.5971,0.96505,-0.76076
2.017,0.82255,-0.97448,5.9347,2.01,-1.1003,0.52633,-0.85875
2.027,0.40702,-1.9422,5.1691,2.02,-0.39918,0.080378,-0.97981
2.037,0.78478,-2.7023,4.0217,2.03,0.15011,-0.16419,-0.99297
2.047,0.98148,-3.3458,4.0838,2.04,0.57464,-0.11689,-0.80279
2.057,0.30477,-3.1221,5.2293,2.05,0.64223,0.12058,-0.47495
2.067,-1.3665,-1.8584,5.8341,2.06,0.30753,0.89106,0.0031955
2.077,-3.3442,-0.028885,5.4002,2.07,-0.033403,1.5176,0.27356
2.087,-5.7256,1.5104,4.6012,2.08,-0.55014,2.3113,0.47307
2.097,-8.6146,1.9575,4.2718,2.09,-1.0633,2.9531,0.56467
2.107,-12.299,1.1427,5.8549,2.1,-1.3994,3.2775,0.61783
2.117,-15.087,-0.29529,7.7376,2.11,-1.436,3.5248,0.68509
2.127,-15.785,-1.2754,7.0056,2.12,-1.0253,3.728,0.66616
2.137,-15.285,-2.4449,3.8744,2.13,-0.28717,3.8987,0.50628
2.147,-14.06,-2.8025,-2.2797,2.14,0.45449,4.0003,0.24714
2.157,-13.76,-2.4308,-10.043,2.15,1.0698,3.8056,-0.12356
2.167,-14.85,-2.4508,-15.252,2.16,1.2924,2.6898,-0.37582
2.177,-17.011,-1.1936,-18.841,2.17,1.1688,1.5348,-0.38571
2.187,-14.939,0.9983,-15.95,2.18,0.3298,-0.76267,0.083243
2.197,-11.07,2.8535,-8.5201,2.19,-0.24081,-1.9866,0.39885
2.207,-7.9008,4.6397,-1.0416,2.2,-0.61704,-2.9709,0.58354
2.217,-4.6426,5.7615,4.224,2.21,-0.45631,-2.9252,0.44793
2.227,-2.8943,4.7864,7.3896,2.22,-0.076884,-2.4098,0.15886
2.237,-1.7832,3.8454,5.2547,2.23,0.35959,-1.6448,-0.02599
2.247,1.1542,4.7149,-5.8291,2.24,0.0074956,-0.93476,-0.20969
2.257,5.2239,4.8692,-12.888,2.25,-1.2731,-0.65706,-0.63862
2.267,8.266,-2.7664,-13.64,2.26,-2.1633,-1.5223,-1.1504
2.277,12.395,-8.9206,-5.6106,2.27,-2.8969,-2.8343,-1.6148
2.287,14.642,-10.966,3.2767,2.28,-3.0656,-3.6737,-1.7246
2.297,26.361,-12.162,28.026,2.29,-1.9885,-4.4803,-1.4327
2.307,31.361,-4.7454,20.107,2.3,-0.18877,-4.5947,-0.44923
2.317,27.531,-6.1409,2.1574,2.31,1.4557,-0.11246,0.90466
2.327,20.479,-5.6573,7.8877,2.32,1.8216,-1.402,1.1066
2.337,18.035,-3.3982,9.5412,2.33,1.4013,-1.7335,0.99068
2.347,14.545,-2.4423,9.3229,2.34,1.0213,-0.60629,0.75519
2.357,9.983,-1.8626,7.0007,2.35,1.0169,0.11685,0.4767
2.367,6.7734,-1.5347,6.3899,2.36,1.0429,0.24908,0.38382
2.377,3.3827,-1.4874,5.0677,2.37,0.92175,0.40385,0.40449
2.387,1.6168,-1.3693,2.8267,2.38,0.68486,0.38604,0.59635
2.397,3.391,-0.11056,2.7873,2.39,0.34577,0.24922,0.8638
2.407,6.1942,1.5655,4.5288,2.4,0.12784,0.049046,1.0031
2.417,7.9721,2.9448,6.0246,2.41,0.19783,-0.01557,0.94975
2.427,8.9481,3.3061,5.5885,2.42,0.3582,0.18714,0.71447
2.437,7.8296,2.6087,5.0784,2.43,0.40552,0.38201,0.47892
2.447,5.5471,1.5912,4.5158,2.44,0.28381,0.93599,0.014217
2.457,3.0395,0.97322,4.7737,2.45,0.12029,1.3442,-0.32952
2.467,-0.20056,0.21884,6.5755,2.46,0.01643,1.6553,-0.67025
2.477,-3.4691,-0.81179,8.3166,2.47,0.046092,2.0271,-0.99111
2.487,-6.8836,-1.7893,8.4225,2.48,0.2826,2.5957,-1.3455
2.497,-10.387,-2.4578,8.3298,2.49,0.76996,3.2874,-1.6376
2.507,-14.234,-2.6467,6.6966,2.5,1.1338,3.6354,-1.6878
2.517,-18.018,-1.8858,4.3234,2.51,1.3033,3.7814,-1.5845
2.527,-20.431,-0.66171,1.3832,2.52,1.2849,4.0881,-1.3048
2.537,-20.317,0.64685,-3.7807,2.53,0.99971,4.3871,-0.91664
2.547,-20.529,0.84156,-9.1018,2.54,0.61579,4.2045,-0.4735
2.557,-15.605,0.55785,-16.879,2.55,0.27891,3.1787,0.026116
2.567,-13.392,0.38995,-16.06,2.56,-0.0023377,1.2733,0.29552
2.577,-10.891,-0.33209,-10.002,2.57,-0.15135,-0.52485,0.30978
2.587,-9.6289,-1.2825,-4.5682,2.58,-0.14423,-2.602,0.11989
2.597,-7.8345,-2.1461,-0.73921,2.59,-0.05605,-3.6105,0.028549
2.607,-6.3009,-2.7876,3.7881,2.6,-0.11921,-4.1771,-0.062887
2.617,-4.4339,-2.1891,6.9212,2.61,-0.37331,-4.7406,-0.10857
2.627,-0.19872,-1.2124,9.9517,2.62,-0.80702,-4.5274,0.0038301
2.637,2.4392,-2.6707,11.916,2.63,-1.2652,-3.4455,0.24749
2.647,2.0036,-4.3761,6.6132,2.64,-0.39327,-1.74,0.47477
2.657,4.8456,-4.5594,-2.4831,2.65,0.7813,-0.56698,0.71667
2.667,6.4999,-4.4593,-7.38,2.66,1.8588,-0.96914,0.89814
2.677,9.5025,-2.2303,-12.675,2.67,2.7937,-2.3092,1.2322
2.687,18.384,3.0994,-19.983,2.68,3.1417,-3.892,1.4639
2.697,30.303,10.005,-19.015,2.69,2.022,-5.425,1.1533
2.707,32.056,12.63,23.77,2.7,0.17339,-6.3295,0.13406
2.717,32.423,10.061,22.785,2.71,-1.0198,-2.3537,-0.51143
2.727,25.4,7.9934,13.734,2.72,-0.74458,-1.7413,-0.18802
2.737,18.54,5.5306,15.031,2.73,-0.66423,-1.2843,-0.17717
2.747,12.718,2.0703,9.9078,2.74,-0.747,0.51196,-0.45377
2.757,8.6563,-0.3088,4.3846,2.75,-1.3254,2.2517,-0.56876
2.767,6.7141,-1.4741,3.1021,2.76,-2.0137,2.6423,-0.47904
2.777,5.1062,-1.6453,1.991,2.77,-2.4733,2.319,-0.5275
2.787,3.5146,-2.0059,5.7204,2.78,-2.5223,1.7009,-0.71402
2.797,2.4007,-2.0519,7.5886,2.79,-1.9389,1.1847,-0.91057
2.807,0.71457,-2.5108,7.8485,2.8,-1.1022,0.52983,-1.0443
2.817,-0.87796,-3.128,7.4461,2.81,-0.49338,0.15148,-0.94125
2.827,-1.6519,-3.4136,7.2788,2.82,-0.024502,-0.040629,-0.52579
2.837,-2.0988,-3.2383,8.4311,2.83,0.23402,-0.070219,-0.12705
2.847,-3.4714,-2.3476,8.7025,2.84,0.41041,0.17085,0.38975
2.857,-4.6397,-0.73431,7.4188,2.85,0.36706,0.84085,0.79795
2.867,-6.4031,0.76997,6.0163,2.86,0.10011,1.6753,1.024
2.877,-8.3813,1.382,5.9758,2.87,-0.3095,2.3815,1.1053
2.887,-10.268,1.2043,6.4259,2.88,-0.69072,3.0381,1.1314
2.897,-11.15,0.85827,6.381,2.89,-0.78951,3.6524,1.0446
2.907,-11.64,0.19554,3.3928,2.9,-0.66935,4.0589,0.95221
2.917,-12.001,-0.16821,-1.3563,2.91,0.093089,4.3295,0.67155
2.927,-12.867,0.37969,-7.3827,2.92,1.0899,3.7105,0.16557
2.937,-14.33,1.0254,-11.699,2.93,1.3983,2.5578,-0.14096
2.947,-14.69,2.9835,-13.769,2.94,1.2109,1.1814,-0.20685
2.957,-12.714,5.2825,-11.475,2.95,0.61051,-0.20208,-0.10248
2.967,-10.611,6.5852,-7.4802,2.96,-0.0071574,-1.2756,-0.02714
2.977,-7.335,6.7571,-1.6695,2.97,-0.43121,-1.9634,-0.04515
2.987,-5.6178,5.9695,2.4087,2.98,-0.6165,-2.2136,-0.29334
2.997,-2.4015,5.6271,-2.1378,2.99,-0.53317,-2.12,-0.52678
3.007,2.6062,5.6329,-10.184,3,-1.0817,-1.98,-0.84832
3.017,6.2191,3.0406,-12.101,3.01,-2.2941,-1.879,-1.266
3.027,9.2032,-4.0606,-9.1328,3.02,-3.0857,-2.551,-1.6
3.037,12.078,-12.604,-3.7597,3.03,-3.4365,-3.6548,-1.6996
3.047,21.656,-21.055,5.6123,3.04,-3.5147,-4.3334,-1.5856
3.057,31.129,-18.799,34.046,3.05,-1.5809,-4.911,-0.68966
3.067,32.359,-10.326,18.719,3.06,1.65,-0.27512,1.0322
3.077,26.944,-4.5782,7.0921,3.07,2.2027,-1.5867,1.2567
3.087,19.624,-0.17054,8.58,3.08,2.0439,-1.5495,1.1119
3.097,17.581,2.8011,7.6229,3.09,1.5393,-0.88301,0.9861
3.107,14.62,6.5823,9.9584,3.1,1.3823,-0.12395,0.6946
3.117,11.698,7.1996,8.565,3.11,1.2876,1.5122,0.35263
3.127,4.903,2.5263,1.265,3.12,0.94372,1.7859,0.39417
3.137,4.4166,1.8055,0.67576,3.13,0.51502,1.6297,0.74441
3.147,7.3092,1.8511,2.4205,3.14,0.034113,1.0565,1.0897
3.157,9.6062,0.92586,4.56,3.15,-0.25785,0.39492,1.0808
3.167,10.47,-1.0109,6.3938,3.16,-0.21143,-0.028411,0.70266
3.177,8.3747,-3.1557,7.8767,3.17,-0.067808,-0.095053,0.24079
3.187,5.5244,-4.3831,9.0785,3.18,0.057844,0.21321,-0.19407
3.197,2.8373,-4.0904,10.928,3.19,0.089064,0.66017,-0.3921
3.207,-0.046377,-3.2759,11.773,3.2,0.39694,1.8244,-0.71893
3.217,-3.7281,-2.9556,11.511,3.21,0.77227,2.6838,-1.0087
3.227,-7.9275,-2.9362,9.8696,3.22,1.2123,3.4454,-1.2871
3.237,-10.962,-2.0388,6.8569,3.23,1.5841,4.0611,-1.448
3.247,-14.318,-0.25179,2.9668,3.24,1.7543,4.5478,-1.5603
3.257,-18.034,1.4197,-0.037308,3.25,1.5858,5.0869,-1.5717
3.267,-21.159,2.7294,-4.195,3.26,1.2366,5.5608,-1.425
3.277,-24.197,3.4815,-9.7136,3.27,0.7366,5.5312,-1.1066
3.287,-22.566,2.9548,-15.234,3.28,0.15085,4.4425,-0.65453
3.297,-18.939,1.5878,-16.871,3.29,-0.429,2.1364,-0.35508
3.307,-13.671,-0.10036,-15.592,3.3,-0.75918,0.26768,-0.23503
3.317,-10.608,-1.3348,-11.736,3.31,-0.87758,-2.1808,-0.14098
3.327,-8.7015,-2.075,-6.5823,3.32,-0.81341,-3.7462,-0.025841
3.337,-6.6193,-3.163,-1.7711,3.33,-0.65373,-4.5394,0.01854
3.347,-4.3372,-4.2011,3.0981,3.34,-0.40324,-5.5354,0.042315
3.357,-1.7592,-5.5935,8.3297,3.35,-0.35218,-5.5253,0.048926
3.367,-0.73346,-6.6168,13.022,3.36,-0.41704,-4.9396,0.12846
3.377,1.7868,-4.6946,15.993,3.37,-0.44366,-3.9163,0.365
3.387,5.1707,-2.1079,14.591,3.38,-0.73108,-1.6548,0.56005
3.397,3.3826,-1.0446,14.664,3.39,-0.38703,-0.073826,0.47241
3.407,3.8225,-1.4077,2.6896,3.4,0.70668,0.78105,0.58667
3.417,4.6947,-0.89477,-3.5558,3.41,1.8395,0.52159,0.79656
3.427,8.2868,1.5719,-14.356,3.42,3.1505,-0.7611,1.2488
3.437,22.899,6.3847,-29.611,3.43,4.1027,-2.812,1.8812
3.447,32.342,13.397,-23.181,3.44,3.679,-4.4898,2.0478
3.457,33.04,11.603,42.663,3.45,0.24764,-7.5237,0.95574
3.467,34.435,5.757,33.531,3.46,-2.7105,-4.8778,-0.028198
3.477,23.949,3.6281,16.362,3.47,-1.8309,0.0085803,-0.17022
3.487,15.002,2.9624,14.757,3.48,-0.91203,0.53994,-0.41763
3.497,11.184,2.4078,11.825,3.49,-0.94352,2.0553,-0.39402
3.507,6.7128,0.69686,6.4315,3.5,-1.0534,3.4107,-0.30527
3.517,3.1823,-0.97372,2.66,3.51,-1.4751,3.0774,-0.14934
3.527,1.9552,-1.878,5.0791,3.52,-1.6877,2.1289,-0.043253
3.537,2.129,-1.5701,5.7442,3.53,-1.2768,1.2733,-0.052369
3.547,1.7798,-1.0319,5.8403,3.54,-0.72267,0.5747,-0.16825
3.557,2.0146,-0.070964,6.1001,3.55,-0.057489,-0.1402,-0.29061
3.567,2.5915,0.33375,6.3651,3.56,0.38111,-0.3424,-0.29733
3.577,1.943,-0.18564,7.4946,3.57,0.57057,-0.24064,-0.28578
3.587,-0.33787,-1.1927,8.4783,3.58,0.63462,0.21655,-0.22341
3.597,-3.5521,-1.968,8.4953,3.59,0.53154,0.70289,-0.09396
3.607,-6.753,-2.1492,7.694,3.6,0.18136,1.3488,0.15222
3.617,-9.9095,-2.1552,7.2658,3.61,-0.36985,2.047,0.47665
3.627,-12.283,-2.1308,7.7547,3.62,-0.90935,2.6224,0.86365
3.637,-13.704,-2.0891,8.573,3.63,-1.1633,3.2474,1.3641
3.647,-13.197,-0.9605,7.6483,3.64,-0.9939,3.6372,1.5789
3.657,-12.187,-0.14918,5.591,3.65,-0.28298,3.6747,1.4525
3.667,-11.353,0.79363,1.2908,3.66,0.37132,3.3706,1.1031
3.677,-11.364,1.5839,-3.079,3.67,0.81478,2.6271,0.67057
3.687,-11.781,3.1941,-9.6681,3.68,0.9702,1.4446,0.27594
3.697,-10.221,4.1857,-10.253,3.69,0.75791,-0.028062,0.035349
3.707,-7.3228,4.9861,-4.46,3.7,0.41466,-1.1044,-0.024018
3.717,-6.1051,5.2078,0.2115,3.71,-0.10071,-1.8903,-0.093768
3.727,-5.0601,4.1624,4.4469,3.72,-0.3587,-2.1259,-0.14832
3.737,-4.5428,2.2552,6.7758,3.73,-0.42147,-1.9464,-0.18861
3.747,-2.8551,1.7722,-0.12552,3.74,-0.17357,-1.4912,-0.17945
3.757,1.3878,3.7659,-8.5413,3.75,-0.14231,-0.90003,-0.073843
3.767,4.5942,3.9651,-10.691,3.76,-0.98024,-0.40618,-0.18815
3.777,9.0795,1.1821,-11.115,3.77,-1.6503,-0.90063,-0.52517
3.787,12.799,-4.1894,-5.008,3.78,-2.2289,-2.719,-1.1901
3.797,15.802,-9.746,-0.3575,3.79,-2.4961,-3.6368,-1.5685
3.807,29.309,-13.982,30.303,3.8,-1.8099,-4.3897,-1.3769
3.817,32.465,-8.9342,24.181,3.81,-0.18455,-1.0929,-0.45544
3.827,31.885,-8.9375,4.3247,3.82,1.4879,-0.52627,0.39473
3.837,26.781,-7.5485,4.9936,3.83,1.9478,-2.3173,0.99328
3.847,21.001,-3.0537,9.4423,3.84,1.6308,-2.4065,1.1883
3.857,18.161,0.1893,12.87,3.85,1.3716,-1.7044,0.93627
3.867,15.211,1.5544,15.516,3.86,1.5065,-0.81649,0.5234
3.877,10.424,-0.23418,13.052,3.87,1.6083,0.4021,0.16097
3.887,6.2972,-1.9198,9.4685,3.88,1.6581,1.0857,0.11346
3.897,5.0693,-1.9169,7.1123,3.89,1.4723,1.2325,0.39453
3.907,5.424,-0.67638,6.0423,3.9,1.3079,1.2051,0.58674
3.917,6.1167,1.1416,4.7425,3.91,0.81175,0.85619,0.91776
3.927,7.8946,2.2221,4.3779,3.92,0.54238,0.71318,0.88592
3.937,8.7191,2.7116,4.376,3.93,0.4546,0.77122,0.67748
3.947,7.6207,3.1029,4.5112,3.94,0.37881,0.93128,0.31024
3.957,5.3868,3.141,5.5229,3.95,0.37073,1.1243,-0.1776
3.967,1.3407,2.2416,8.2129,3.96,0.43731,1.4065,-0.60826
3.977,-3.158,0.98615,9.7665,3.97,0.52147,1.7247,-0.88774
3.987,-7.1388,0.51764,9.1152,3.98,0.82338,2.6154,-1.4232
3.997,-11.694,0.70955,7.398,3.99,1.0744,3.1847,-1.7324
4.007,-15.706,1.5513,5.3393,4,1.2699,3.6466,-1.9015
4.017,-18.868,2.2794,3.3289,4.01,1.1966,3.988,-1.8605
4.027,-21.066,2.9196,0.049723,4.02,0.95838,4.2794,-1.673
4.037,-22.229,2.5531,-4.3016,4.03,0.71928,4.3596,-1.4393
4.047,-19.335,1.3988,-10.429,4.04,0.33329,4.137,-0.92926
4.057,-16.072,-0.70641,-13.798,4.05,-0.29874,2.4152,-0.33288
4.067,-13.085,-3.3034,-12.029,4.06,-0.5678,0.25549,-0.14488
4.077,-11.261,-5.3698,-6.6687,4.07,-0.48939,-1.8098,0.017726
4.087,-8.5998,-6.5151,-1.8768,4.08,-0.18212,-3.0968,0.25515
4.097,-6.6595,-7.0248,0.74044,4.09,0.1251,-3.6046,0.3509
4.107,-4.2704,-6.97,3.2281,4.1,0.34065,-3.7527,0.34171
4.117,-2.7449,-5.7156,4.3637,4.11,0.39441,-3.6967,0.25909
4.127,-1.0185,-4.113,5.3914,4.12,0.21003,-3.4328,0.22709
4.137,-0.25763,-4.6067,8.5473,4.13,-0.16323,-2.7052,0.24898
4.147,-0.22757,-5.2111,7.2295,4.14,0.0055215,-2.0915,0.39829
4.157,0.77232,-3.3544,2.3444,4.15,0.81079,-1.4464,0.70191
4.167,2.885,-1.6944,0.71401,4.16,1.8334,-1.5151,1.2332
4.177,9.6111,3.783,-3.6222,4.17,2.9813,-2.1733,1.8266
4.187,16.371,10.886,-9.5973,4.18,3.9932,-3.2571,2.1822
4.197,28.385,19.389,-11.404,4.19,3.2712,-5.4722,1.3432
4.207,33.818,22.845,-0.32191,4.2,1.591,-6.1243,0.042051
4.217,34.082,17.47,17.703,4.21,-0.44387,-3.4862,-0.89937
4.227,34.594,8.4017,18.09,4.22,-1.4727,-2.0577,-1.0395
4.237,27.338,3.1829,16.52,4.23,-1.5288,-1.1868,-1.0619
4.247,18.036,-0.35725,11.109,4.24,-1.5907,0.42493,-1.1813
4.257,7.7281,-2.1637,7.4926,4.25,-1.979,1.6568,-0.98431
4.267,5.7578,-1.0115,7.3567,4.26,-2.5172,2.2887,-0.58579
4.277,4.9408,-0.17974,10.531,4.27,-2.8453,2.1202,-0.19492
4.287,4.8344,0.73523,11.394,4.28,-2.7292,1.8239,-0.045824
4.297,5.3072,1.8355,10.174,4.29,-2.052,1.5437,-0.04451
4.307,5.3598,2.975,7.6997,4.3,-1.3068,1.1186,-0.113
4.317,4.5659,2.8448,5.417,4.31,-0.31751,0.49197,-0.39088
4.327,2.7484,1.9709,3.8121,4.32,0.12455,0.40469,-0.54412
4.337,0.21523,0.98681,3.1049,4.33,0.16717,0.48721,-0.37215
4.347,-2.5247,0.36891,3.8722,4.34,-0.26915,0.49558,-0.064171
4.357,-5.7885,0.18174,5.6954,4.35,-0.81569,0.63874,0.27103
4.367,-8.3591,-0.19076,7.3552,4.36,-1.4041,1.0858,0.594
4.377,-10.858,-1.81,8.8572,4.37,-1.8144,1.6702,0.88849
4.387,-11.968,-3.102,9.8923,4.38,-1.9086,2.2422,1.1752
4.397,-12.341,-3.9617,10.104,4.39,-1.6682,2.5,1.2802
4.407,-11.163,-3.4115,7.8513,4.4,-0.92388,2.6795,1.1781
4.417,-10.718,-2.0998,1.7255,4.41,-0.11143,2.6509,0.85759
4.427,-10.993,-0.53488,-3.6458,4.42,0.62302,1.8915,0.39051
4.437,-11.032,1.3956,-6.5358,4.43,0.88042,1.0319,0.20566
4.447,-9.8885,3.4004,-5.0523,4.44,0.82874,-0.55116,0.12759
4.457,-7.7362,4.9057,-1.747,4.45,0.61874,-1.6118,0.099125
4.467,-6.0262,5.1872,1.6663,4.46,0.45838,-1.9628,0.031737
4.477,-4.3408,3.8241,4.0147,4.47,0.2971,-1.9167,-0.12832
4.487,-4.0689,1.8154,5.4433,4.48,0.13157,-1.6641,-0.18637
4.497,-2.7639,1.9825,2.2634,4.49,-0.25648,-1.3674,-0.14669
4.507,-0.30189,3.6153,-2.8027,4.5,-1.1363,-1.1085,-0.18296
4.517,3.3922,4.0451,-4.8399,4.51,-1.9923,-1.052,-0.28529
4.527,6.64,1.0567,-5.8928,4.52,-2.3061,-1.6995,-0.53805
4.537,7.6961,-3.7081,-3.7031,4.53,-2.3386,-2.465,-0.61831
4.547,18.612,-12.129,1.8774,4.54,-1.7202,-3.5627,-0.32639
4.557,32.057,-5.5635,28.195,4.55,0.063463,-5.6728,0.73687
4.567,34.238,-3.7646,23.316,4.56,1.5288,-4.4558,1.5437
4.577,33.498,-1.4067,9.7888,4.57,2.4427,-1.775,1.031
4.587,23.902,1.7282,9.6507,4.58,1.9937,-2.497,0.76557
4.597,18.255,3.8241,16.495,4.59,0.9599,-2.0139,0.77069
4.607,15.266,3.4867,21.137,4.6,0.54065,-0.59923,0.66301
4.617,10.925,1.0758,13.557,4.61,0.81449,1.3175,0.29244
4.627,9.0859,-0.94059,7.3633,4.62,1.3649,2.4826,0.070798
4.637,7.3799,-2.0948,4.8356,4.63,1.2716,2.4876,0.10044
4.647,4.8374,-1.7705,3.7736,4.64,0.95191,2.2258,0.32025
4.657,4.2806,0.095841,3.4196,4.65,0.53684,1.9973,0.65501
4.667,5.1792,1.6146,2.8426,4.66,0.22541,2.0698,0.73713
4.677,5.0786,2.3274,2.6113,4.67,0.058906,2.2682,0.49093
4.687,3.0024,2.3712,3.8997,4.68,0.080783,2.2694,0.001327
4.697,0.14268,1.991,3.7816,4.69,0.28026,2.2822,-0.54992
4.707,-5.5051,1.5111,4.4604,4.7,0.43614,2.3493,-0.97206
4.717,-9.3645,2.0025,5.1811,4.71,0.6108,2.368,-1.3205
4.727,-13.716,3.0309,5.7817,4.72,0.69205,2.3403,-1.4792
4.737,-17.327,4.1847,5.1004,4.73,0.70913,2.3747,-1.4871
4.747,-19.361,4.6731,2.8923,4.74,0.57817,2.4809,-1.3236
4.757,-19.713,3.775,-0.93206,4.75,0.30003,2.505,-1.0554
4.767,-17.657,1.7677,-4.9213,4.76,-0.056604,1.3401,-0.51358
4.777,-13.102,-1.3348,-6.1912,4.77,-0.47084,0.090614,-0.27862
4.787,-10.194,-3.8998,-2.8164,4.78,-0.62765,-1.375,-0.0081804
4.797,-7.8158,-5.9118,2.213,4.79,-0.5266,-1.8947,0.24067
4.807,-6.0018,-7.6959,7.0162,4.8,-0.15505,-1.9452,0.44905
4.817,-3.8884,-9.016,10.042,4.81,0.36753,-1.828,0.59386
4.827,-0.012449,-5.6683,9.4833,4.82,0.71535,-1.652,0.59513
4.837,2.7249,-3.9956,9.54,4.83,0.74696,-1.1518,0.51653
4.847,1.6864,-2.4155,6.2676,4.84,0.51202,-0.73195,0.39072
4.857,1.2316,-0.53562,-1.9998,4.85,0.87366,-0.28936,0.33962
4.867,4.0323,2.3052,-5.6742,4.86,1.3552,0.18354,0.64934
4.877,6.6315,9.0542,-21.533,4.87,2.0915,0.16157,1.3172
4.887,27.169,19.144,-30.898,4.88,2.3866,-0.34484,2.3483
4.897,33.479,29.34,-32.691,4.89,1.4074,-2.9509,2.4742
4.907,33.638,24.179,5.3104,4.9,0.2784,-7.4849,0.20143
4.917,34.156,2.9912,40.801,4.91,-1.9732,-6.7742,-0.8972
4.927,34.65,-1.9161,32.25,4.92,-3.2315,-1.106,-0.5771
4.937,27.359,-2.6456,23.675,4.93,-2.7114,0.29246,-1.0405
4.947,18.589,-3.9285,12.502,4.94,-1.9363,2.3081,-1.408
4.957,11.667,-4.9074,6.2017,4.95,-1.9923,3.8131,-1.3499
4.967,7.6272,-5.9344,2.2276,4.96,-2.1216,3.825,-1.0518
4.977,4.0627,-7.0275,1.193,4.97,-2.1444,3.0985,-0.84618
4.987,1.4016,-6.4658,2.6387,4.98,-1.966,1.8012,-0.52725
4.997,0.60805,-3.8242,6.0843,4.99,-1.5289,0.59123,-0.11953
5.007,2.9286,0.75045,9.7979,5,-0.91146,-0.14476,0.23162
5.017,4.4752,3.1737,11.534,5.01,-0.060402,-0.22936,0.36752
5.027,3.5491,3.2625,11.987,5.02,0.50877,0.36847,0.21942
5.037,1.6401,2.7405,11.057,5.03,0.70034,1.2758,-0.014605
5.047,-2.8637,1.7372,8.2804,5.04,0.68084,2.0885,-0.25329
5.057,-7.9787,-0.17159,6.6076,5.05,-0.21148,3.5482,-0.70555
5.067,-15.384,-3.8521,6.2069,5.06,-0.75957,4.2499,-0.68559
5.077,-20.31,-7.0359,6.5426,5.07,-0.8894,4.5063,-0.26095
5.087,-22.206,-8.7134,4.9374,5.08,-0.53213,4.5983,0.46809
5.097,-19.847,-7.227,-1.1216,5.09,-0.19005,4.1438,0.95739
5.107,-17.861,-4.5856,-7.168,5.1,-0.047255,2.9154,1.1551
5.117,-8.4037,4.5022,-5.0252,5.11,0.16181,0.51831,1.2304
5.127,-4.5748,8.3013,-2.247,5.12,0.55582,-1.4071,0.91707
5.137,-3.0341,9.3001,-1.0433,5.13,0.79406,-2.547,0.41861
5.147,-2.7913,8.6934,-0.031356,5.14,0.71465,-2.9355,-0.079858
5.157,-2.7718,6.9982,2.878,5.15,0.33049,-2.8624,-0.34934
5.167,-1.8201,4.9568,6.5477,5.16,-0.31772,-2.3399,-0.37307
5.177,-1.4979,1.4842,8.8443,5.17,-0.73452,-1.616,-0.31245
5.187,-2.9525,-0.3764,-0.5245,5.18,-0.9072,-0.1292,-0.30527
5.197,-0.18156,3.8994,-13.89,5.19,-1.7508,1.525,0.027654
5.207,3.6158,6.5552,-13.778,5.2,-3.3342,2.0381,-0.063976
5.217,10.802,5.2632,-14.909,5.21,-3.4715,0.94558,-0.34499
5.227,13.567,-0.24837,-8.9307,5.22,-2.8719,-2.2726,-1.0966
5.237,13.145,-6.9057,-0.92749,5.23,-2.2634,-3.9299,-1.584
5.247,17.568,-16.827,16.825,5.24,-1.0787,-5.1006,-1.6412
5.257,30.565,-18.375,31.583,5.25,1.0174,-5.3077,-0.5436
5.267,33.558,-12.093,14.065,5.26,2.1783,-2.0438,0.55217
5.277,27.756,-7.7303,5.7759,5.27,2.0382,-1.5204,0.58515
5.287,22.546,-2.477,12.381,5.28,1.521,-2.0474,0.89924
5.297,21.296,1.0477,14.895,5.29,1.4696,-1.673,0.98392
5.307,16.971,3.5621,11.747,5.3,1.7499,-1.0263,0.82763
5.317,12.943,4.7882,12.018,5.31,1.9363,0.3536,0.51671
5.327,9.1825,3.8083,6.5294,5.32,2.0946,1.6228,0.46015
5.337,6.539,3.9302,4.2554,5.33,1.8423,1.5152,0.83683
5.347,6.4607,4.6542,4.5608,5.34,1.3005,1.3986,1.0985
5.357,7.1576,4.6796,5.3412,5.35,0.80283,1.4839,1.0858
5.367,6.5267,3.6825,5.091,5.36,0.31086,1.682,0.91463
5.377,5.3088,1.6507,4.4794,5.37,-0.098315,1.8915,0.74265
5.387,3.4046,1.2122,5.5952,5.38,-0.4741,2.2391,0.46198
5.397,-2.441,2.407,8.7694,5.39,-0.64384,2.5198,0.13331
5.407,-6.2206,3.0089,10.828,5.4,-0.63543,2.7691,-0.32574
5.417,-9.9969,3.5462,11.842,5.41,-0.37557,2.9853,-0.8508
5.427,-12.967,3.6446,11.254,5.42,0.094044,3.4006,-1.34
5.437,-15.377,2.8375,9.8636,5.43,0.64635,3.9515,-1.7356
5.447,-19.044,0.1367,4.1092,5.44,1.2711,4.4302,-2.0269
5.457,-21.371,-2.6905,-1.8704,5.45,2.1178,4.538,-2.0079
5.467,-21.435,-4.95,-9.2997,5.46,2.5768,4.1704,-1.6751
5.477,-20.917,-6.3525,-15.408,5.47,1.8044,2.4926,-0.76708
5.487,-18.221,-6.7232,-17.046,5.48,0.77352,0.7908,-0.12582
5.497,-13.84,-5.9334,-14.834,5.49,-0.36903,-1.3262,0.54707
5.507,-8.3661,-3.9192,-7.898,5.5,-1.0058,-2.5541,0.86733
5.517,-4.1656,-1.9499,0.43009,5.51,-1.5136,-3.7272,1.0412
5.527,-0.75231,-0.13203,6.8339,5.52,-1.5135,-4.2238,0.99583
5.537,2.6961,1.7684,12.344,5.53,-1.1646,-4.0116,0.67527
5.547,4.9081,3.4509,14.247,5.54,-0.73124,-3.2779,0.16161
5.557,4.1041,2.9355,12.201,5.55,-0.35285,-1.9044,-0.36674
5.567,1.0344,-0.012796,5.3067,5.56,0.3228,-0.29357,-0.74525
5.577,0.82029,-4.5644,-7.5642,5.57,1.2056,0.91324,-0.87363
5.587,3.9859,-6.1044,-11.737,5.58,2.3646,-0.18976,-0.3156
5.597,9.3858,-1.5316,-16.356,5.59,3.6564,-3.0649,0.61858
5.607,17.461,5.7097,-24.814,5.6,3.7707,-4.8431,1.1349
5.617,31.218,12.434,-23.523,5.61,0.77777,-7.5528,0.91228
5.627,34.216,16.978,8.0031,5.62,-1.3757,-7.6471,0.69761
5.637,33.488,13.69,38.306,5.63,-2.2144,-3.178,0.37091
5.647,34.636,7.0839,24.02,5.64,-1.9053,-1.1857,0.17653
5.657,22.107,2.905,15.519,5.65,-1.7251,-0.21097,-0.059678
5.667,15.808,3.0488,18.208,5.66,-1.7226,1.8789,-0.13791
5.677,7.8908,0.53563,9.1586,5.67,-1.86,3.0716,-0.39519
5.687,3.1887,-1.8073,7.3052,5.68,-2.0478,3.2469,-0.68174
5.697,1.5244,-3.2782,7.6046,5.69,-1.8389,2.8111,-0.84096
5.707,1.3504,-4.2058,5.8208,5.7,-1.3526,2.2623,-0.85255
5.717,3.1753,-4.116,5.4729,5.71,-0.38493,1.1634,-0.8009
5.727,5.2949,-3.7143,5.9236,5.72,0.34762,0.333,-0.79569
5.737,5.2273,-3.7276,6.1058,5.73,1.0565,0.052545,-0.79561
5.747,1.9756,-4.1073,6.6389,5.74,1.3866,0.14795,-0.80558
5.757,-2.9897,-4.0146,6.9593,5.75,1.3313,0.84719,-0.31669
5.767,-7.7935,-3.8785,6.9038,5.76,0.66417,2.0085,0.15611
5.777,-13.207,-3.8099,8.2116,5.77,0.13696,2.5458,0.60761
5.787,-16.387,-3.0879,9.9706,5.78,-0.25174,2.8653,1.3428
5.797,-17.138,-1.4874,9.5388,5.79,-0.21815,2.9538,1.8218
5.807,-15.51,1.0885,6.7237,5.8,-0.046493,2.9318,2.0252
5.817,-12.784,4.4823,2.1425,5.81,0.056743,2.9575,1.826
5.827,-9.7261,7.6933,-1.876,5.82,0.11172,2.7938,1.2873
5.837,-7.6889,9.5473,-4.7579,5.83,0.28247,2.1951,0.72934
5.847,-6.8056,9.4189,-5.6971,5.84,0.60028,0.82712,-0.02191
5.857,-6.6327,7.9793,-4.6032,5.85,0.68349,-0.52504,-0.55572
5.867,-6.7254,6.1378,-2.2486,5.86,0.40982,-1.2428,-0.77197
5.877,-6.3257,4.6571,1.1315,5.87,0.027937,-1.5388,-0.77796
5.887,-6.6792,2.9026,5.3354,5.88,-0.35376,-1.635,-0.66385
5.897,-6.8797,1.4754,8.1766,5.89,-0.39713,-1.3161,-0.49341
5.907,-8.0703,-2.17,10.684,5.9,-0.15586,-0.86023,-0.30848
5.917,-9.8065,-5.8155,7.5284,5.91,0.43069,-0.016159,0.05623
5.927,-6.5446,-5.4015,-9.2484,5.92,0.13407,0.69518,0.46744
5.937,-1.5133,-0.75929,-19.547,5.93,-1.5429,0.71054,0.42916
5.947,5.288,2.1082,-21.804,5.94,-2.3931,-0.92726,0.085227
5.957,12.812,1.1233,-21.423,5.95,-2.8626,-3.965,-0.67797
5.967,22.923,-0.75815,19.041,5.96,-2.2942,-5.5701,-1.3922
5.977,31.996,-4.0039,42.489,5.97,-1.0386,-7.0231,-1.8018
5.987,33.188,-2.5894,15.084,5.98,2.7972,-3.4904,-1.5122
5.997,33.656,-0.79173,2.836,5.99,4.4377,-1.3149,-0.058603
6.007,28.154,-0.46531,9.0871,6,3.0497,-1.5078,0.97315
6.017,23.716,1.6793,10.13,6.01,1.3664,-0.83617,1.1525
6.027,18.32,2.6693,9.8296,6.02,0.50509,-0.2672,0.93582
6.037,12.779,2.0374,10.235,6.03,0.20405,-0.13974,0.60223
6.047,6.0715,1.9225,6.5986,6.04,0.28697,0.58203,0.5344
6.057,2.8059,2.3742,7.0128,6.05,-0.04866,0.87056,0.8233
6.067,2.9877,3.6262,7.9204,6.06,-0.38145,0.95764,1.221
6.077,4.3303,5.4936,8.5134,6.07,-0.53045,0.91359,1.4945
6.087,6.562,7.0506,8.7921,6.08,-0.52262,0.75907,1.5069
6.097,7.8262,6.6848,8.8794,6.09,-0.47594,0.71124,1.1789
6.107,6.3918,4.4749,8.611,6.1,-0.4583,0.92903,0.72627
6.117,3.7395,3.1341,8.3202,6.11,-0.50725,1.421,0.15391
6.127,0.056605,1.6946,8.3846,6.12,-0.56906,1.8645,-0.34734
6.137,-4.6904,-0.18362,9.4447,6.13,-0.5478,2.1932,-0.76996
6.147,-8.8124,-1.4643,10.437,6.14,-0.33143,2.3949,-1.1202
6.157,-12.821,-1.3089,9.7819,6.15,0.082843,2.5006,-1.3791
6.167,-15.458,-0.067981,8.4775,6.16,0.46329,2.6815,-1.5214
6.177,-16.797,1.7351,4.2103,6.17,0.61745,2.9261,-1.5961
6.187,-18.579,1.7255,0.72437,6.18,0.59861,3.5448,-1.3469
6.197,-19.894,0.81595,-3.7574,6.19,0.29143,3.5803,-0.86343
6.207,-18.538,-0.47782,-9.0078,6.2,-0.073079,2.6451,-0.27478
6.217,-15.78,-2.0385,-10.91,6.21,-0.53457,0.67469,0.27811
6.227,-12.54,-3.8756,-7.5827,6.22,-0.69401,-1.2312,0.63913
6.237,-9.5901,-4.8805,-2.6641,6.23,-0.6316,-2.2455,0.82189
6.247,-3.9317,-4.5942,3.201,6.24,-0.41423,-3.0076,0.94945
6.257,-1.2927,-2.947,4.8697,6.25,-0.33849,-3.0424,0.86454
6.267,2.0447,-0.79257,4.6699,6.26,-0.35009,-2.6692,0.71182
6.277,4.3316,-2.216,7.7558,6.27,-0.52796,-1.9824,0.56042
6.287,4.4289,-4.2266,0.84359,6.28,0.021924,-1.1671,0.4015
6.297,4.2198,-4.0524,-8.0974,6.29,1.5674,-0.62034,0.62997
6.307,9.4907,1.1286,-12.363,6.3,2.2962,-0.96748,1.067
6.317,22.723,8.5466,-19.338,6.31,2.5166,-3.5388,1.8285
6.327,33.222,15.98,-15.166,6.32,2.0844,-5.9824,1.8967
6.337,34.172,11.138,23.465,6.33,-1.5034,-5.4425,0.25428
6.347,34.402,7.1489,26.759,6.34,-2.5896,-1.3935,-0.52308
6.357,29.434,6.6208,19.591,6.35,-1.7422,-0.32343,-0.46088
6.367,22.864,5.0207,8.6225,6.36,-0.90488,0.082958,-0.58217
6.377,16.385,3.4858,11.681,6.37,-0.97896,0.53062,-0.6797
6.387,11.33,0.41065,8.4655,6.38,-1.4527,1.7031,-0.70214
6.397,8.6008,-0.91474,5.2211,6.39,-1.9424,2.866,-0.69639
6.407,6.1974,-1.6706,4.8388,6.4,-2.3237,2.838,-0.77617
6.417,3.3691,-2.8785,6.0082,6.41,-2.4039,2.1083,-1.0197
6.427,0.48545,-4.1614,7.4017,6.42,-2.1731,1.2596,-1.2436
6.437,-0.84132,-4.4093,7.787,6.43,-1.8088,0.54665,-1.2651
6.447,-0.0051116,-3.0696,7.8838,6.44,-1.3181,-0.085548,-1.0116
6.457,1.2747,-1.2422,8.2237,6.45,-0.80888,-0.30683,-0.63506
6.467,2.042,0.3611,9.8235,6.46,-0.42586,-0.25899,-0.19971
6.477,1.7009,1.3298,11.6,6.47,-0.025523,0.52301,-0.02221
6.487,0.019608,1.266,11.007,6.48,0.064191,1.5096,0.04733
6.497,-2.4762,0.59612,9.013,6.49,-0.1193,2.4098,0.090493
6.507,-6.7095,-1.2714,7.47,6.5,-0.44537,3.2451,0.17807
6.517,-11.659,-3.898,6.7923,6.51,-0.74838,4.0827,0.47114
6.527,-14.238,-5.1982,4.825,6.52,-0.80022,4.5404,0.76102
6.537,-14.759,-4.7286,1.1866,6.53,-0.70177,4.6673,0.96719
6.547,-14.545,-3.2576,-1.4522,6.54,-0.51828,4.3683,0.96368
6.557,-13.704,-1.0388,-4.7674,6.55,-0.2851,3.5874,0.73077
6.567,-12.734,1.1362,-7.1216,6.56,0.036441,2.3084,0.35803
6.577,-9.714,3.6357,-7.3138,6.57,0.31782,0.95146,0.072432
6.587,-7.5397,4.4776,-4.2572,6.58,0.45375,-1.1987,-0.32001
6.597,-6.6837,4.3493,-0.32974,6.59,0.30865,-2.3856,-0.6197
6.607,-6.0156,3.4681,4.07,6.6,0.074434,-2.7338,-0.77263
6.617,-4.5701,2.1137,7.6864,6.61,-0.29674,-2.3015,-0.62338
6.627,-2.2412,0.77813,9.9232,6.62,-0.28065,-1.5709,-0.41489
6.637,-0.3482,0.37559,11.531,6.63,0.093513,-0.80694,-0.25427
6.647,0.52291,3.8117,-3.3386,6.64,0.63371,-0.21926,-0.14188
6.657,6.1859,6.4529,-16.265,6.65,0.38295,0.8479,-0.059136
6.667,12.195,5.764,-19.701,6.66,-0.4617,0.35699,-0.35511
6.677,12.561,-0.027719,-13.575,6.67,-1.1357,-2.0214,-1.0089
6.687,13.248,-8.9429,-2.8982,6.68,-1.7294,-4.0705,-1.4506
6.697,11.963,-17.446,7.199,6.69,-1.6604,-5.3674,-1.2265
6.707,30.303,-11.504,36.104,6.7,-0.9824,-5.663,-0.31468
6.717,32.897,-4.5636,20.308,6.71,0.8356,-1.4047,1.0399
6.727,27.608,-4.2913,12.616,6.72,1.896,-1.8939,1.0148
6.737,23.24,-2.71,12.366,6.73,2.3076,-2.1834,0.85548
6.747,20.206,-1.0235,10.545,6.74,2.3788,-1.1975,0.76494
6.757,16.358,-0.63097,11.637,6.75,2.1573,-0.33324,0.62297
6.767,13.942,-0.93246,12.435,6.76,2.061,0.54763,0.61714
6.777,9.9458,-1.9001,11.931,6.77,2.0319,1.0848,0.66818
6.787,9.1829,-1.654,8.762,6.78,2.0628,1.3729,1.0105
6.797,8.9184,-1.037,6.9443,6.79,2.0236,1.1441,1.1072
6.807,9.4583,-0.58064,5.8562,6.8,1.9524,0.93439,1.097
6.817,9.3803,-0.056738,5.3348,6.81,1.7804,0.87236,0.91269
6.827,7.4887,0.63997,4.6285,6.82,1.6264,1.0686,0.64847
6.837,5.0197,1.6385,4.5099,6.83,1.4726,1.2699,0.32151
6.847,1.5063,2.5792,4.9025,6.84,1.3114,1.4905,0.0091017
6.857,-2.385,3.1801,5.7816,6.85,1.1205,1.8324,-0.36082
6.867,-6.614,4.0083,6.1236,6.86,0.97609,2.2188,-0.66949
6.877,-10.624,5.3865,5.9085,6.87,0.89736,2.6783,-0.90305
6.887,-14.616,7.6823,4.9522,6.88,0.83071,3.1902,-1.0548
6.897,-17.715,9.5292,3.6097,6.89,0.67912,3.8532,-1.1215
6.907,-20.832,10.481,1.1294,6.9,0.51441,4.3279,-1.0777
6.917,-21.022,9.0593,-3.8135,6.91,0.33572,4.6512,-0.83924
6.927,-19.205,5.6671,-9.2882,6.92,0.18691,4.128,-0.61954
6.937,-16.842,1.5612,-12.569,6.93,0.094214,2.4558,-0.62655
6.947,-15.225,-2.5491,-10.803,6.94,0.0028917,0.029265,-0.57386
6.957,-12.709,-5.0968,-7.3038,6.95,0.068566,-1.9874,-0.25271
6.967,-10.093,-6.2068,-3.9177,6.96,0.15884,-3.2596,0.081365
6.977,-5.7998,-7.3337,-0.24522,6.97,0.23846,-3.7327,0.19839
6.987,-3.2075,-7.3418,2.4645,6.98,0.32502,-3.8104,0.10196
6.997,-2.0396,-6.557,4.3658,6.99,0.40563,-3.8161,-0.045217
7.007,-2.2652,-4.4446,7.2578,7,0.35023,-3.6222,-0.16375
7.017,-2.6914,-1.7495,9.1922,7.01,0.17104,-3.0531,-0.12084
7.027,-0.25943,0.7475,9.3126,7.02,-0.13473,-1.9324,0.082959
7.037,0.72896,0.9184,11.505,7.03,0.50449,-0.68165,0.3942
7.047,1.3112,0.87398,2.1339,7.04,1.8203,-0.34415,0.76974
7.057,4.3441,1.4127,-7.8813,7.05,2.826,-1.7631,1.2488
7.067,7.5562,3.4023,-12.224,7.06,3.2019,-4.0117,1.7504
7.077,20.055,7.4269,-18.907,7.07,2.7401,-6.0329,2.0014
7.087,33.022,14.598,-29.887,7.08,0.74897,-7.895,1.2467
7.097,35.515,9.1906,32.022,7.09,-1.7248,-7.1354,-0.35671
7.107,30.428,5.9401,23.703,7.1,-2.2546,-0.57987,-0.5366
7.117,19.704,5.3864,14.677,7.11,-0.59872,-0.080135,-0.54592
7.127,12.148,4.2861,9.7267,7.12,-0.29508,0.96736,-0.78843
7.137,7.1548,3.3583,5.9819,7.13,-0.93286,2.657,-0.70477
7.147,3.8151,2.2091,3.0105,7.14,-1.6105,3.4014,-0.52503
7.157,2.2355,1.0603,1.1951,7.15,-2.2438,3.2251,-0.37979
7.167,1.3544,0.24768,2.0012,7.16,-2.471,2.3613,-0.28083
7.177,0.64949,-0.098695,3.2905,7.17,-2.4237,1.3601,-0.26924
7.187,2.1262,0.31856,4.2384,7.18,-1.6677,-0.3259,-0.21058
7.197,3.9476,0.95179,6.7205,7.19,-1.224,-0.84215,-0.14831
7.207,4.4503,1.3682,9.9535,7.2,-0.80091,-0.81093,-0.094519
7.217,3.2942,1.1588,11.447,7.21,-0.47532,-0.27337,-0.093908
7.227,0.64674,0.84867,11.522,7.22,-0.31081,0.36645,-0.090108
7.237,-2.3197,0.45015,10.568,7.23,-0.39469,1.2123,-0.076193
7.247,-6.0108,-0.86089,9.4176,7.24,-0.68098,1.8583,-0.043979
7.257,-9.9582,-2.958,9.4061,7.25,-1.0987,2.5085,0.050839
7.267,-13.223,-4.827,9.7535,7.26,-1.2628,3.0006,0.24348
7.277,-13.723,-4.4616,8.0359,7.27,-1.0837,3.4068,0.49153
7.287,-13.213,-3.3604,4.6401,7.28,-0.66642,3.62,0.61132
7.297,-13.111,-2.4603,1.4632,7.29,-0.2452,3.5165,0.49867
7.307,-13.574,-0.82683,-3.661,7.3,-0.058559,3.5842,0.39312
7.317,-13.431,1.9412,-8.4662,7.31,0.18192,2.1741,0.35049
7.327,-10.734,4.7527,-7.7555,7.32,-0.0073509,-0.40536,0.47951
7.337,-7.184,6.5046,-4.3113,7.33,-0.36164,-1.4282,0.43333
7.347,-4.1565,7.4188,-0.76018,7.34,-0.68797,-1.7733,0.20655
7.357,-2.3803,6.911,2.7189,7.35,-0.94049,-1.8292,-0.10413
7.367,-1.36,5.1171,5.3507,7.36,-1.0999,-1.4684,-0.41823
7.377,-1.445,3.3718,0.8904,7.37,-1.1618,-1.0009,-0.55505
7.387,6.3056,5.1143,-10.701,7.38,-2.2147,-0.42707,-0.62775
7.397,12.111,3.2126,-8.9807,7.39,-3.435,-0.38632,-0.98645
7.407,12.459,-4.2743,-3.4144,7.4,-3.371,-1.9082,-1.5155
7.417,14.339,-15.743,3.8419,7.41,-2.8057,-3.1585,-1.8941
7.427,24.015,-23.155,28.092,7.42,-2.1261,-3.9924,-1.5407
7.437,32.077,-16.793,31.531,7.43,-0.80522,-3.0185,-0.12728
7.447,34.059,-8.7227,11.359,7.44,0.89737,-1.0396,1.2705
7.457,27.735,-5.4751,7.9942,7.45,1.9487,-2.0582,1.1004
7.467,23.561,-3.2677,11.532,7.46,1.4044,-2.5547,0.8617
7.477,23.595,1.4254,14.096,7.47,1.1189,-1.7879,0.63264
7.487,19.478,1.4763,10.891,7.48,1.2713,-0.31865,0.1821
7.497,14.67,-0.092626,9.3964,7.49,1.4608,0.61758,-0.13494
7.507,8.8426,-1.9091,7.8684,7.5,1.5808,1.0466,-0.12312
7.517,5.8881,-1.3767,7.2064,7.51,1.5634,1.2046,0.389
7.527,6.0003,0.18645,7.5964,7.52,1.4687,1.1467,0.84068
7.537,7.5323,1.6986,8.7205,7.53,1.3338,0.93827,1.0956
7.547,8.2353,1.7938,8.8562,7.54,1.2543,0.83411,1.0007
7.557,6.8579,0.94483,7.6488,7.55,1.1257,0.93485,0.70256
7.567,4.764,0.6257,7.4578,7.56,0.80556,1.2021,0.33775
7.577,0.5781,0.62753,7.5353,7.57,0.50794,1.5222,0.075513
7.587,-2.7351,0.96822,7.426,7.58,0.21251,1.9819,-0.18065
7.597,-5.9992,1.8268,7.7118,7.59,0.083689,2.291,-0.33866
7.607,-7.9023,2.7809,7.1787,7.6,0.15387,3.1285,-0.55694
7.617,-9.3417,4.6273,5.2633,7.61,0.31819,3.6942,-0.71821
7.627,-10.972,6.4224,3.197,7.62,0.48679,4.0094,-0.87948
7.637,-13.082,7.5157,1.9155,7.63,0.56653,4.0802,-0.93863
7.647,-16.524,6.6238,1.4422,7.64,0.60397,4.1086,-0.87195
7.657,-18.554,4.0486,0.46846,7.65,0.63139,3.9789,-0.69711
7.667,-16.445,-1.7289,-5.4673,7.66,0.61903,3.1916,-0.61285
7.677,-14.535,-4.717,-9.1753,7.67,0.52635,1.7445,-0.67193
7.687,-12.518,-5.493,-10.011,7.68,0.31643,0.015528,-0.69665
7.697,-10.135,-5.4496,-9.3437,7.69,-0.069834,-1.5711,-0.46237
7.707,-8.2889,-5.0319,-5.2956,7.7,-0.46443,-2.4744,-0.17864
7.717,-6.1563,-4.4749,-0.62512,7.71,-1.0699,-3.0109,0.17528
7.727,-4.0615,-3.7199,4.6401,7.72,-1.3557,-3.1726,0.4383
7.737,-1.3549,-1.7731,7.1067,7.73,-1.3576,-3.1742,0.62474
7.747,2.0823,-0.74584,8.1056,7.74,-1.2126,-2.6009,0.70691
7.757,3.6945,-2.7063,11.267,7.75,-0.95517,-1.6866,0.57544
7.767,4.263,-4.8425,10.044,7.76,0.079884,-1.056,0.50502
7.777,4.0918,-4.4208,2.8115,7.77,1.1744,-0.9496,0.50299
7.787,5.5432,-2.634,0.54857,7.78,2.2412,-2.4875,0.86282
7.797,13.982,0.90835,-5.0174,7.79,2.9885,-4.122,1.4643
7.807,31.212,6.5362,-14.377,7.8,2.9057,-5.1577,1.7191
7.817,34.093,12.875,3.8297,7.81,1.0149,-4.8506,0.95967
7.827,33.899,10.845,20.472,7.82,-1.6063,-1.9773,-0.12375
7.837,32.688,7.4158,21.888,7.83,-1.257,-1.7484,-0.089289
7.847,24.908,6.0169,18.693,7.84,-0.28721,-1.3483,-0.21702
7.857,17.568,2.7798,11.741,7.85,0.26705,-0.12127,-0.65857
7.867,12.025,-1.4349,7.6276,7.86,-0.32979,1.2446,-0.93535
7.877,8.3824,-4.1387,7.0379,7.87,-1.5122,2.384,-0.83945
7.887,6.2187,-5.5213,6.7955,7.88,-2.3155,2.621,-0.63896
7.897,4.9891,-5.5119,7.3864,7.89,-2.5425,1.8298,-0.59043
7.907,4.097,-4.3975,8.9308,7.9,-2.2583,1.1601,-0.60189
7.917,3.4972,-2.3779,10.513,7.91,-1.298,0.49326,-0.55108
7.927,4.1351,-0.17814,10.205,7.92,-0.37483,0.23914,-0.51531
7.937,4.2055,1.5278,8.7128,7.93,0.26851,0.27103,-0.5198
7.947,2.7937,2.1847,8.015,7.94,0.58343,0.59028,-0.49261
7.957,-2.2158,1.6112,7.4454,7.95,0.66354,1.1245,-0.39382
7.967,-4.8444,0.99704,6.7156,7.96,0.52638,1.8163,-0.25204
7.977,-7.7915,-0.56476,6.65,7.97,0.26524,2.3795,-0.14278
7.987,-11.496,-2.8616,6.89,7.98,-0.16012,3.1556,-0.00084953
7.997,-14.23,-5.1651,7.4586,7.99,-0.33617,3.8014,0.18198
8.007,-15.963,-6.4625,7.1466,8,-0.19552,4.2132,0.41115
8.017,-15.765,-5.7566,3.5271,8.01,0.20372,4.4981,0.61254
8.027,-14.954,-3.6489,-2.6696,8.02,0.74397,4.4175,0.6373
8.037,-15.688,-1.8203,-7.487,8.03,0.99968,3.6712,0.37048
8.047,-13.365,2.0104,-10.631,8.04,0.8967,1.7887,0.232
8.057,-9.4227,5.1493,-8.3124,8.05,0.50817,-0.49694,0.33614
8.067,-7.0059,6.968,-4.5748,8.06,0.17036,-1.6613,0.2891
8.077,-4.875,8.0302,-1.876,8.07,-0.15828,-2.1506,0.19992
8.087,-3.7859,7.6672,1.6036,8.08,-0.44083,-2.3586,0.11087
8.097,-3.0605,6.4066,5.5402,8.09,-0.67923,-2.4281,0.062814
8.107,-2.2603,4.494,10.864,8.1,-0.72632,-2.2369,0.070696
8.117,-0.26968,1.9296,10.145,8.11,-0.42428,-1.7141,0.040952
8.127,3.7944,2.6739,-3.4125,8.12,-0.089538,-0.56278,0.033022
8.137,6.4603,3.5614,-10.716,8.13,-1.1662,0.54763,-0.3016
8.147,9.7177,2.1618,-13.192,8.14,-1.9499,0.33706,-0.70351
8.157,14.407,-1.4268,-10.32,8.15,-2.206,-2.3417,-1.2425
8.167,17.962,-6.4938,-2.9643,8.16,-2.2962,-4.4905,-1.8134
8.177,29.34,-16.891,22.27,8.17,-0.964,-6.3695,-2.2898
8.187,33.592,-19.934,42.031,8.18,1.2727,-0.76797,-0.6346
8.197,30.431,-10.537,6.7846,8.19,2.4405,-0.29862,0.7435
8.207,21.484,-6.1432,3.583,8.2,2.1625,-2.3285,1.1814
8.217,16.867,-2.6972,8.9922,8.21,1.4685,-2.2336,1.1953
8.227,14.757,0.029619,12.447,8.22,0.97342,-1.8757,1.1915
8.237,12.893,4.1644,15.441,8.23,1.0089,-0.93643,1.1086
8.247,10.619,4.0335,10.77,8.24,1.1989,0.30172,0.9755
8.257,9.2886,3.5846,7.0818,8.25,1.3205,1.0781,0.83619
8.267,8.9823,3.8702,5.9811,8.26,1.265,1.0786,0.81463
8.277,9.9236,3.804,6.1076,8.27,1.1002,0.71206,0.78831
8.287,10.4,3.3188,7.1449,8.28,0.88727,0.30144,0.67466
8.297,10.603,2.1961,7.4754,8.29,0.66764,0.10457,0.47047
8.307,8.8235,0.78442,8.6755,8.3,0.4958,0.13109,0.30475
8.317,6.4694,0.5343,9.3695,8.31,0.13227,0.84882,-0.021764
8.327,3.9673,0.55264,9.9697,8.32,-0.015291,1.4075,-0.24706
8.337,0.71855,0.46661,10.931,8.33,0.016094,1.817,-0.47575
8.347,-2.8622,0.41588,11.863,8.34,0.21123,2.1758,-0.70326
8.357,-6.4897,-0.011635,11.928,8.35,0.53229,2.5901,-0.89412
8.367,-9.1786,-0.24568,10.809,8.36,0.91368,3.084,-1.0127
8.377,-12.921,0.13919,9.6431,8.37,1.1913,3.3692,-1.0796
8.387,-15.639,0.7457,7.7399,8.38,1.519,3.8529,-1.0218
8.397,-17.756,1.5747,2.8876,8.39,1.6725,4.3225,-0.8879
8.407,-18.068,2.0794,-3.1203,8.4,1.5629,4.8065,-0.68547
8.417,-17.53,2.0623,-9.9359,8.41,1.0036,4.7785,-0.39448
8.427,-17.079,1.2762,-14.431,8.42,0.26963,3.9661,-0.18803
8.437,-17.062,0.26952,-15.721,8.43,-0.47496,2.3053,-0.026982
8.447,-13.831,-1.2631,-12.217,8.44,-1.0553,0.42717,0.24643
8.457,-9.863,-1.7354,-6.1101,8.45,-1.331,-1.645,0.45688
8.467,-6.7968,-1.5188,-0.0933,8.46,-0.96157,-3.6172,0.46198
8.477,-3.8818,-0.95856,3.1017,8.47,-0.67196,-3.8732,0.31338
8.487,-1.1165,-0.36509,4.2701,8.48,-0.52824,-3.7744,0.10606
8.497,0.61707,-1.1906,6.7973,8.49,-0.13629,-3.4205,0.10462
8.507,3.7033,-3.6557,3.6499,8.5,0.64433,-3.2015,0.38033
8.517,6.5338,0.48677,-1.6164,8.51,1.3028,-3.5643,0.90926
8.527,16.465,5.9068,-6.0063,8.52,1.5923,-4.9416,1.5021
8.537,32.973,11.665,-15.002,8.53,1.6189,-6.2446,2.0959
8.547,34.695,10.361,-5.475,8.54,0.54909,-6.539,1.8776
8.557,35.009,-0.93158,34.205,8.55,-1.7412,-6.0505,0.27188
8.567,32.333,-0.35804,32.856,8.56,-3.1277,-2.1237,-0.48364
8.577,23.21,1.356,19.159,8.57,-2.1726,0.35416,-0.36374
8.587,16.774,0.88852,12.343,8.58,-0.65895,0.77536,-0.53734
8.597,12.891,0.047323,9.9273,8.59,-0.32482,1.7044,-0.57495
8.607,10.394,-0.04717,5.0099,8.6,-0.55769,2.5619,-0.32392
8.617,8.7725,-0.010719,2.871,8.61,-0.89498,2.3625,-0.2517
8.627,6.8902,-0.60751,4.0159,8.62,-1.1807,1.6169,-0.38518
8.637,5.6657,-1.3452,4.5247,8.63,-1.1546,0.82074,-0.53782
8.647,4.4356,-2.242,5.4689,8.64,-1.0084,-0.0049067,-0.66058
8.657,4.4601,-2.3955,8.5634,8.65,-0.94305,-0.87037,-0.6871
8.667,4.9231,-1.7745,10.986,8.66,-0.86143,-1.0215,-0.60189
8.677,4.9492,-0.59451,12.796,8.67,-0.68598,-0.77261,-0.45539
8.687,3.9191,0.29432,13.637,8.68,-0.34582,-0.079113,-0.20936
8.697,2.5369,1.2593,13.141,8.69,-0.077036,0.61911,0.0032193
8.707,0.86935,2.4022,11.18,8.7,0.067128,1.3473,0.18281
8.717,-1.1678,2.802,8.8342,8.71,-0.015339,2.0644,0.26589
8.727,-4.0312,2.1627,7.3768,8.72,-0.31894,2.6741,0.24818
8.737,-7.8316,0.068431,7.3404,8.73,-0.68668,3.2043,0.18037
8.747,-11.106,-2.2437,7.234,8.74,-0.85406,3.7742,0.17548
8.757,-13.291,-4.0635,6.7881,8.75,-0.67568,3.9355,0.21763
8.767,-14.339,-5.0664,5.5957,8.76,-0.27496,4.0436,0.24573
8.777,-13.725,-4.4748,1.8001,8.77,0.20946,3.9483,0.20603
8.787,-14.351,-2.8283,-2.9065,8.78,0.61385,3.2678,0.1767
8.797,-14.243,-0.13757,-7.5313,8.79,0.77268,1.9422,0.19014
